[{"model": "sessions.session", "pk": "11mlyiafx1f5q4zacpvzi9sd644hf8n1", "fields": {"session_data": ".eJxVjEEOwiAQRe_C2hCYUgGX7j0DGWZGqRpISrsy3l2bdKHb_977L5VwXUpau8xpYnVSoA6_W0Z6SN0A37HemqZWl3nKelP0Tru-NJbneXf_Dgr28q2JYxAJkdGw9UBHIwCerujMiJE8g-SRwZGzkSHAYCxE58QFliFTVu8P9wM4LA:1uEU74:Z0jlyc-iqAwiNjze7Ya-PVZY5wuj3IDOSMP0kQqE_1k", "expire_date": "2025-05-26T14:26:38.059Z"}}, {"model": "sessions.session", "pk": "4mvf5xiebscirr4tbjgfivo0uj2j8a8q", "fields": {"session_data": ".eJxVjEsOAiEQBe_C2hCagQZcuvcMpGlARs2QzGdlvLtOMgvdvqp6LxFpW1vcljLHMYuzAHH63RLxo0w7yHeabl1yn9Z5THJX5EEXee25PC-H-3fQaGnfWmFAQLbEVQf2QyVIBQ3l5IbKCBrABqqePHrnilKsDGbLEGzQ3pB4fwDhEDd5:1uEU22:rfDUKP-RX4UVJJidjF3xfV_WpiWdJa5HrFWKE9xNWeI", "expire_date": "2025-05-26T14:21:26.858Z"}}, {"model": "sessions.session", "pk": "osncxf7kzgoiqt59vtpe9yc0y8vz9oih", "fields": {"session_data": ".eJxVjEEOwiAQRe_C2hCYUgGX7j0DGWZGqRpISrsy3l2bdKHb_977L5VwXUpau8xpYnVSoA6_W0Z6SN0A37HemqZWl3nKelP0Tru-NJbneXf_Dgr28q2JYxAJkdGw9UBHIwCerujMiJE8g-SRwZGzkSHAYCxE58QFliFTVu8P9wM4LA:1uEU6Z:4oOvTqjatjYda0zHfsA6e3z3LsYUt-wuTlTFLfHDNmQ", "expire_date": "2025-05-26T14:26:07.527Z"}}, {"model": "accounts.state", "pk": 1, "fields": {"name": "Adamawa"}}, {"model": "accounts.state", "pk": 2, "fields": {"name": "Akwa Ibom"}}, {"model": "accounts.state", "pk": 3, "fields": {"name": "Anambra"}}, {"model": "accounts.state", "pk": 4, "fields": {"name": "Ogun"}}, {"model": "accounts.state", "pk": 5, "fields": {"name": "Ondo"}}, {"model": "accounts.state", "pk": 6, "fields": {"name": "Rivers"}}, {"model": "accounts.state", "pk": 7, "fields": {"name": "Bauchi"}}, {"model": "accounts.state", "pk": 8, "fields": {"name": "Benue"}}, {"model": "accounts.state", "pk": 9, "fields": {"name": "Borno"}}, {"model": "accounts.state", "pk": 10, "fields": {"name": "Bayelsa"}}, {"model": "accounts.state", "pk": 11, "fields": {"name": "Cross River"}}, {"model": "accounts.state", "pk": 12, "fields": {"name": "Delta"}}, {"model": "accounts.state", "pk": 13, "fields": {"name": "Ebonyi"}}, {"model": "accounts.state", "pk": 14, "fields": {"name": "Edo"}}, {"model": "accounts.state", "pk": 15, "fields": {"name": "Ekiti"}}, {"model": "accounts.state", "pk": 16, "fields": {"name": "Enugu"}}, {"model": "accounts.state", "pk": 17, "fields": {"name": "Federal Capital Territory"}}, {"model": "accounts.state", "pk": 18, "fields": {"name": "Gombe"}}, {"model": "accounts.state", "pk": 19, "fields": {"name": "Jigawa"}}, {"model": "accounts.state", "pk": 20, "fields": {"name": "Oyo"}}, {"model": "accounts.state", "pk": 21, "fields": {"name": "Imo"}}, {"model": "accounts.state", "pk": 22, "fields": {"name": "Kaduna"}}, {"model": "accounts.state", "pk": 23, "fields": {"name": "Kebbi"}}, {"model": "accounts.state", "pk": 24, "fields": {"name": "Kano"}}, {"model": "accounts.state", "pk": 25, "fields": {"name": "Kogi"}}, {"model": "accounts.state", "pk": 26, "fields": {"name": "Osun"}}, {"model": "accounts.state", "pk": 27, "fields": {"name": "Sokoto"}}, {"model": "accounts.state", "pk": 28, "fields": {"name": "Plateau"}}, {"model": "accounts.state", "pk": 29, "fields": {"name": "Taraba"}}, {"model": "accounts.state", "pk": 30, "fields": {"name": "Yobe"}}, {"model": "accounts.state", "pk": 31, "fields": {"name": "Zamfara"}}, {"model": "accounts.state", "pk": 32, "fields": {"name": "Lagos"}}, {"model": "accounts.state", "pk": 33, "fields": {"name": "Katsina"}}, {"model": "accounts.state", "pk": 34, "fields": {"name": "Kwara"}}, {"model": "accounts.state", "pk": 35, "fields": {"name": "Nasarawa"}}, {"model": "accounts.state", "pk": 36, "fields": {"name": "Niger"}}, {"model": "accounts.state", "pk": 37, "fields": {"name": "Abia"}}, {"model": "accounts.lga", "pk": 1, "fields": {"name": "Demsa", "state": 1}}, {"model": "accounts.lga", "pk": 2, "fields": {"name": "Fufure", "state": 1}}, {"model": "accounts.lga", "pk": 3, "fields": {"name": "Ganye", "state": 1}}, {"model": "accounts.lga", "pk": 4, "fields": {"name": "Gayuk", "state": 1}}, {"model": "accounts.lga", "pk": 5, "fields": {"name": "Gombi", "state": 1}}, {"model": "accounts.lga", "pk": 6, "fields": {"name": "Grie", "state": 1}}, {"model": "accounts.lga", "pk": 7, "fields": {"name": "Hong", "state": 1}}, {"model": "accounts.lga", "pk": 8, "fields": {"name": "Jada", "state": 1}}, {"model": "accounts.lga", "pk": 9, "fields": {"name": "Larmurde", "state": 1}}, {"model": "accounts.lga", "pk": 10, "fields": {"name": "Madagali", "state": 1}}, {"model": "accounts.lga", "pk": 11, "fields": {"name": "Maiha", "state": 1}}, {"model": "accounts.lga", "pk": 12, "fields": {"name": "Mayo Belwa", "state": 1}}, {"model": "accounts.lga", "pk": 13, "fields": {"name": "Michika", "state": 1}}, {"model": "accounts.lga", "pk": 14, "fields": {"name": "Mubi North", "state": 1}}, {"model": "accounts.lga", "pk": 15, "fields": {"name": "Mubi South", "state": 1}}, {"model": "accounts.lga", "pk": 16, "fields": {"name": "Numan", "state": 1}}, {"model": "accounts.lga", "pk": 17, "fields": {"name": "Shelleng", "state": 1}}, {"model": "accounts.lga", "pk": 18, "fields": {"name": "Song", "state": 1}}, {"model": "accounts.lga", "pk": 19, "fields": {"name": "Toungo", "state": 1}}, {"model": "accounts.lga", "pk": 20, "fields": {"name": "Yola North", "state": 1}}, {"model": "accounts.lga", "pk": 21, "fields": {"name": "Yola South", "state": 1}}, {"model": "accounts.lga", "pk": 22, "fields": {"name": "Abak", "state": 2}}, {"model": "accounts.lga", "pk": 23, "fields": {"name": "Eastern Obolo", "state": 2}}, {"model": "accounts.lga", "pk": 24, "fields": {"name": "Eket", "state": 2}}, {"model": "accounts.lga", "pk": 25, "fields": {"name": "Esit Eket", "state": 2}}, {"model": "accounts.lga", "pk": 26, "fields": {"name": "Essien Udim", "state": 2}}, {"model": "accounts.lga", "pk": 27, "fields": {"name": "Etim Ekpo", "state": 2}}, {"model": "accounts.lga", "pk": 28, "fields": {"name": "Etinan", "state": 2}}, {"model": "accounts.lga", "pk": 29, "fields": {"name": "Ibeno", "state": 2}}, {"model": "accounts.lga", "pk": 30, "fields": {"name": "Ibesikpo Asutan", "state": 2}}, {"model": "accounts.lga", "pk": 31, "fields": {"name": "Ibiono-Ibom", "state": 2}}, {"model": "accounts.lga", "pk": 32, "fields": {"name": "Ikot Abasi", "state": 2}}, {"model": "accounts.lga", "pk": 33, "fields": {"name": "Ika", "state": 2}}, {"model": "accounts.lga", "pk": 34, "fields": {"name": "Ikono", "state": 2}}, {"model": "accounts.lga", "pk": 35, "fields": {"name": "Ikot Ekpene", "state": 2}}, {"model": "accounts.lga", "pk": 36, "fields": {"name": "Ini", "state": 2}}, {"model": "accounts.lga", "pk": 37, "fields": {"name": "Mkpat-Enin", "state": 2}}, {"model": "accounts.lga", "pk": 38, "fields": {"name": "Itu", "state": 2}}, {"model": "accounts.lga", "pk": 39, "fields": {"name": "Mbo", "state": 2}}, {"model": "accounts.lga", "pk": 40, "fields": {"name": "Nsit-Atai", "state": 2}}, {"model": "accounts.lga", "pk": 41, "fields": {"name": "Nsit-Ibom", "state": 2}}, {"model": "accounts.lga", "pk": 42, "fields": {"name": "Nsit-Ubium", "state": 2}}, {"model": "accounts.lga", "pk": 43, "fields": {"name": "Obot Akara", "state": 2}}, {"model": "accounts.lga", "pk": 44, "fields": {"name": "Okobo", "state": 2}}, {"model": "accounts.lga", "pk": 45, "fields": {"name": "Onna", "state": 2}}, {"model": "accounts.lga", "pk": 46, "fields": {"name": "Oron", "state": 2}}, {"model": "accounts.lga", "pk": 47, "fields": {"name": "Udung-Uko", "state": 2}}, {"model": "accounts.lga", "pk": 48, "fields": {"name": "Ukanafun", "state": 2}}, {"model": "accounts.lga", "pk": 49, "fields": {"name": "Oruk Anam", "state": 2}}, {"model": "accounts.lga", "pk": 50, "fields": {"name": "Uruan", "state": 2}}, {"model": "accounts.lga", "pk": 51, "fields": {"name": "Urue-Offong/Oruko", "state": 2}}, {"model": "accounts.lga", "pk": 52, "fields": {"name": "Uyo", "state": 2}}, {"model": "accounts.lga", "pk": 53, "fields": {"name": "Aguata", "state": 3}}, {"model": "accounts.lga", "pk": 54, "fields": {"name": "Anambra East", "state": 3}}, {"model": "accounts.lga", "pk": 55, "fields": {"name": "Anaocha", "state": 3}}, {"model": "accounts.lga", "pk": 56, "fields": {"name": "Awka North", "state": 3}}, {"model": "accounts.lga", "pk": 57, "fields": {"name": "Anambra West", "state": 3}}, {"model": "accounts.lga", "pk": 58, "fields": {"name": "Awka South", "state": 3}}, {"model": "accounts.lga", "pk": 59, "fields": {"name": "Ayamelum", "state": 3}}, {"model": "accounts.lga", "pk": 60, "fields": {"name": "Dunukofia", "state": 3}}, {"model": "accounts.lga", "pk": 61, "fields": {"name": "Ekwusigo", "state": 3}}, {"model": "accounts.lga", "pk": 62, "fields": {"name": "Idemili North", "state": 3}}, {"model": "accounts.lga", "pk": 63, "fields": {"name": "Idemili South", "state": 3}}, {"model": "accounts.lga", "pk": 64, "fields": {"name": "Ihiala", "state": 3}}, {"model": "accounts.lga", "pk": 65, "fields": {"name": "Njikoka", "state": 3}}, {"model": "accounts.lga", "pk": 66, "fields": {"name": "Nnewi North", "state": 3}}, {"model": "accounts.lga", "pk": 67, "fields": {"name": "Nnewi South", "state": 3}}, {"model": "accounts.lga", "pk": 68, "fields": {"name": "Ogbaru", "state": 3}}, {"model": "accounts.lga", "pk": 69, "fields": {"name": "Onitsha North", "state": 3}}, {"model": "accounts.lga", "pk": 70, "fields": {"name": "Onitsha South", "state": 3}}, {"model": "accounts.lga", "pk": 71, "fields": {"name": "Orumba North", "state": 3}}, {"model": "accounts.lga", "pk": 72, "fields": {"name": "Orumba South", "state": 3}}, {"model": "accounts.lga", "pk": 73, "fields": {"name": "Oyi", "state": 3}}, {"model": "accounts.lga", "pk": 74, "fields": {"name": "Abeokuta North", "state": 4}}, {"model": "accounts.lga", "pk": 75, "fields": {"name": "Abeokuta South", "state": 4}}, {"model": "accounts.lga", "pk": 76, "fields": {"name": "Ado-Odo/Ota", "state": 4}}, {"model": "accounts.lga", "pk": 77, "fields": {"name": "Egbado North", "state": 4}}, {"model": "accounts.lga", "pk": 78, "fields": {"name": "Ewekoro", "state": 4}}, {"model": "accounts.lga", "pk": 79, "fields": {"name": "Egbado South", "state": 4}}, {"model": "accounts.lga", "pk": 80, "fields": {"name": "Ijebu North", "state": 4}}, {"model": "accounts.lga", "pk": 81, "fields": {"name": "Ijebu East", "state": 4}}, {"model": "accounts.lga", "pk": 82, "fields": {"name": "Ifo", "state": 4}}, {"model": "accounts.lga", "pk": 83, "fields": {"name": "Ijebu Ode", "state": 4}}, {"model": "accounts.lga", "pk": 84, "fields": {"name": "Ijebu North East", "state": 4}}, {"model": "accounts.lga", "pk": 85, "fields": {"name": "Imeko Afon", "state": 4}}, {"model": "accounts.lga", "pk": 86, "fields": {"name": "Ikenne", "state": 4}}, {"model": "accounts.lga", "pk": 87, "fields": {"name": "Ipokia", "state": 4}}, {"model": "accounts.lga", "pk": 88, "fields": {"name": "Odeda", "state": 4}}, {"model": "accounts.lga", "pk": 89, "fields": {"name": "Obafemi Owode", "state": 4}}, {"model": "accounts.lga", "pk": 90, "fields": {"name": "Odogbolu", "state": 4}}, {"model": "accounts.lga", "pk": 91, "fields": {"name": "Remo North", "state": 4}}, {"model": "accounts.lga", "pk": 92, "fields": {"name": "Ogun Waterside", "state": 4}}, {"model": "accounts.lga", "pk": 93, "fields": {"name": "Shagamu", "state": 4}}, {"model": "accounts.lga", "pk": 94, "fields": {"name": "Akoko North-East", "state": 5}}, {"model": "accounts.lga", "pk": 95, "fields": {"name": "Akoko North-West", "state": 5}}, {"model": "accounts.lga", "pk": 96, "fields": {"name": "Akoko South-West", "state": 5}}, {"model": "accounts.lga", "pk": 97, "fields": {"name": "Akoko South-East", "state": 5}}, {"model": "accounts.lga", "pk": 98, "fields": {"name": "Akure North", "state": 5}}, {"model": "accounts.lga", "pk": 99, "fields": {"name": "Akure South", "state": 5}}, {"model": "accounts.lga", "pk": 100, "fields": {"name": "Ese Odo", "state": 5}}, {"model": "accounts.lga", "pk": 101, "fields": {"name": "Idanre", "state": 5}}, {"model": "accounts.lga", "pk": 102, "fields": {"name": "Ifedore", "state": 5}}, {"model": "accounts.lga", "pk": 103, "fields": {"name": "Ilaje", "state": 5}}, {"model": "accounts.lga", "pk": 104, "fields": {"name": "Irele", "state": 5}}, {"model": "accounts.lga", "pk": 105, "fields": {"name": "Ile Oluji/Okeigbo", "state": 5}}, {"model": "accounts.lga", "pk": 106, "fields": {"name": "Odigbo", "state": 5}}, {"model": "accounts.lga", "pk": 107, "fields": {"name": "Okitipupa", "state": 5}}, {"model": "accounts.lga", "pk": 108, "fields": {"name": "Ondo West", "state": 5}}, {"model": "accounts.lga", "pk": 109, "fields": {"name": "Ose", "state": 5}}, {"model": "accounts.lga", "pk": 110, "fields": {"name": "Ondo East", "state": 5}}, {"model": "accounts.lga", "pk": 111, "fields": {"name": "Owo", "state": 5}}, {"model": "accounts.lga", "pk": 112, "fields": {"name": "Abua/Odual", "state": 6}}, {"model": "accounts.lga", "pk": 113, "fields": {"name": "Ahoada East", "state": 6}}, {"model": "accounts.lga", "pk": 114, "fields": {"name": "Ahoada West", "state": 6}}, {"model": "accounts.lga", "pk": 115, "fields": {"name": "Andoni", "state": 6}}, {"model": "accounts.lga", "pk": 116, "fields": {"name": "Akuku-Toru", "state": 6}}, {"model": "accounts.lga", "pk": 117, "fields": {"name": "Asari-Toru", "state": 6}}, {"model": "accounts.lga", "pk": 118, "fields": {"name": "Bonny", "state": 6}}, {"model": "accounts.lga", "pk": 119, "fields": {"name": "Degema", "state": 6}}, {"model": "accounts.lga", "pk": 120, "fields": {"name": "Emuoha", "state": 6}}, {"model": "accounts.lga", "pk": 121, "fields": {"name": "Eleme", "state": 6}}, {"model": "accounts.lga", "pk": 122, "fields": {"name": "Ikwerre", "state": 6}}, {"model": "accounts.lga", "pk": 123, "fields": {"name": "Etche", "state": 6}}, {"model": "accounts.lga", "pk": 124, "fields": {"name": "Gokana", "state": 6}}, {"model": "accounts.lga", "pk": 125, "fields": {"name": "Khana", "state": 6}}, {"model": "accounts.lga", "pk": 126, "fields": {"name": "Obio/Akpor", "state": 6}}, {"model": "accounts.lga", "pk": 127, "fields": {"name": "Ogba/Egbema/Ndoni", "state": 6}}, {"model": "accounts.lga", "pk": 128, "fields": {"name": "Ogu/Bolo", "state": 6}}, {"model": "accounts.lga", "pk": 129, "fields": {"name": "Okrika", "state": 6}}, {"model": "accounts.lga", "pk": 130, "fields": {"name": "Omuma", "state": 6}}, {"model": "accounts.lga", "pk": 131, "fields": {"name": "Opobo/Nkoro", "state": 6}}, {"model": "accounts.lga", "pk": 132, "fields": {"name": "Oyigbo", "state": 6}}, {"model": "accounts.lga", "pk": 133, "fields": {"name": "Port Harcourt", "state": 6}}, {"model": "accounts.lga", "pk": 134, "fields": {"name": "Tai", "state": 6}}, {"model": "accounts.lga", "pk": 135, "fields": {"name": "Alkaleri", "state": 7}}, {"model": "accounts.lga", "pk": 136, "fields": {"name": "Bauchi", "state": 7}}, {"model": "accounts.lga", "pk": 137, "fields": {"name": "Bogoro", "state": 7}}, {"model": "accounts.lga", "pk": 138, "fields": {"name": "Damban", "state": 7}}, {"model": "accounts.lga", "pk": 139, "fields": {"name": "Darazo", "state": 7}}, {"model": "accounts.lga", "pk": 140, "fields": {"name": "Dass", "state": 7}}, {"model": "accounts.lga", "pk": 141, "fields": {"name": "Gamawa", "state": 7}}, {"model": "accounts.lga", "pk": 142, "fields": {"name": "Ganjuwa", "state": 7}}, {"model": "accounts.lga", "pk": 143, "fields": {"name": "Giade", "state": 7}}, {"model": "accounts.lga", "pk": 144, "fields": {"name": "Itas/Gadau", "state": 7}}, {"model": "accounts.lga", "pk": 145, "fields": {"name": "Jama'are", "state": 7}}, {"model": "accounts.lga", "pk": 146, "fields": {"name": "Katagum", "state": 7}}, {"model": "accounts.lga", "pk": 147, "fields": {"name": "Kirfi", "state": 7}}, {"model": "accounts.lga", "pk": 148, "fields": {"name": "Misau", "state": 7}}, {"model": "accounts.lga", "pk": 149, "fields": {"name": "Ningi", "state": 7}}, {"model": "accounts.lga", "pk": 150, "fields": {"name": "Shira", "state": 7}}, {"model": "accounts.lga", "pk": 151, "fields": {"name": "Tafawa Balewa", "state": 7}}, {"model": "accounts.lga", "pk": 152, "fields": {"name": "Toro", "state": 7}}, {"model": "accounts.lga", "pk": 153, "fields": {"name": "Warji", "state": 7}}, {"model": "accounts.lga", "pk": 154, "fields": {"name": "Zaki", "state": 7}}, {"model": "accounts.lga", "pk": 155, "fields": {"name": "Agatu", "state": 8}}, {"model": "accounts.lga", "pk": 156, "fields": {"name": "Apa", "state": 8}}, {"model": "accounts.lga", "pk": 157, "fields": {"name": "Ado", "state": 8}}, {"model": "accounts.lga", "pk": 158, "fields": {"name": "Buruku", "state": 8}}, {"model": "accounts.lga", "pk": 159, "fields": {"name": "Gboko", "state": 8}}, {"model": "accounts.lga", "pk": 160, "fields": {"name": "Guma", "state": 8}}, {"model": "accounts.lga", "pk": 161, "fields": {"name": "Gwer East", "state": 8}}, {"model": "accounts.lga", "pk": 162, "fields": {"name": "Gwer West", "state": 8}}, {"model": "accounts.lga", "pk": 163, "fields": {"name": "Katsina-Ala", "state": 8}}, {"model": "accounts.lga", "pk": 164, "fields": {"name": "Konshisha", "state": 8}}, {"model": "accounts.lga", "pk": 165, "fields": {"name": "Kwande", "state": 8}}, {"model": "accounts.lga", "pk": 166, "fields": {"name": "Logo", "state": 8}}, {"model": "accounts.lga", "pk": 167, "fields": {"name": "Makurdi", "state": 8}}, {"model": "accounts.lga", "pk": 168, "fields": {"name": "Obi", "state": 8}}, {"model": "accounts.lga", "pk": 169, "fields": {"name": "Ogbadibo", "state": 8}}, {"model": "accounts.lga", "pk": 170, "fields": {"name": "Ohimini", "state": 8}}, {"model": "accounts.lga", "pk": 171, "fields": {"name": "Oju", "state": 8}}, {"model": "accounts.lga", "pk": 172, "fields": {"name": "Okpokwu", "state": 8}}, {"model": "accounts.lga", "pk": 173, "fields": {"name": "Oturkpo", "state": 8}}, {"model": "accounts.lga", "pk": 174, "fields": {"name": "Tarka", "state": 8}}, {"model": "accounts.lga", "pk": 175, "fields": {"name": "Ukum", "state": 8}}, {"model": "accounts.lga", "pk": 176, "fields": {"name": "Ushongo", "state": 8}}, {"model": "accounts.lga", "pk": 177, "fields": {"name": "Vandeikya", "state": 8}}, {"model": "accounts.lga", "pk": 178, "fields": {"name": "Abadam", "state": 9}}, {"model": "accounts.lga", "pk": 179, "fields": {"name": "Askira/Uba", "state": 9}}, {"model": "accounts.lga", "pk": 180, "fields": {"name": "Bama", "state": 9}}, {"model": "accounts.lga", "pk": 181, "fields": {"name": "Bayo", "state": 9}}, {"model": "accounts.lga", "pk": 182, "fields": {"name": "Biu", "state": 9}}, {"model": "accounts.lga", "pk": 183, "fields": {"name": "Chibok", "state": 9}}, {"model": "accounts.lga", "pk": 184, "fields": {"name": "Damboa", "state": 9}}, {"model": "accounts.lga", "pk": 185, "fields": {"name": "Dikwa", "state": 9}}, {"model": "accounts.lga", "pk": 186, "fields": {"name": "Guzamala", "state": 9}}, {"model": "accounts.lga", "pk": 187, "fields": {"name": "Gubio", "state": 9}}, {"model": "accounts.lga", "pk": 188, "fields": {"name": "Hawul", "state": 9}}, {"model": "accounts.lga", "pk": 189, "fields": {"name": "Gwoza", "state": 9}}, {"model": "accounts.lga", "pk": 190, "fields": {"name": "Jere", "state": 9}}, {"model": "accounts.lga", "pk": 191, "fields": {"name": "Kaga", "state": 9}}, {"model": "accounts.lga", "pk": 192, "fields": {"name": "Kala/Balge", "state": 9}}, {"model": "accounts.lga", "pk": 193, "fields": {"name": "Konduga", "state": 9}}, {"model": "accounts.lga", "pk": 194, "fields": {"name": "Kukawa", "state": 9}}, {"model": "accounts.lga", "pk": 195, "fields": {"name": "Kwaya Kusar", "state": 9}}, {"model": "accounts.lga", "pk": 196, "fields": {"name": "Mafa", "state": 9}}, {"model": "accounts.lga", "pk": 197, "fields": {"name": "Magumeri", "state": 9}}, {"model": "accounts.lga", "pk": 198, "fields": {"name": "Maiduguri", "state": 9}}, {"model": "accounts.lga", "pk": 199, "fields": {"name": "Mobbar", "state": 9}}, {"model": "accounts.lga", "pk": 200, "fields": {"name": "Marte", "state": 9}}, {"model": "accounts.lga", "pk": 201, "fields": {"name": "Monguno", "state": 9}}, {"model": "accounts.lga", "pk": 202, "fields": {"name": "Ngala", "state": 9}}, {"model": "accounts.lga", "pk": 203, "fields": {"name": "Nganzai", "state": 9}}, {"model": "accounts.lga", "pk": 204, "fields": {"name": "Shani", "state": 9}}, {"model": "accounts.lga", "pk": 205, "fields": {"name": "Brass", "state": 10}}, {"model": "accounts.lga", "pk": 206, "fields": {"name": "Ekeremor", "state": 10}}, {"model": "accounts.lga", "pk": 207, "fields": {"name": "Kolokuma/Opokuma", "state": 10}}, {"model": "accounts.lga", "pk": 208, "fields": {"name": "Nembe", "state": 10}}, {"model": "accounts.lga", "pk": 209, "fields": {"name": "Ogbia", "state": 10}}, {"model": "accounts.lga", "pk": 210, "fields": {"name": "Sagbama", "state": 10}}, {"model": "accounts.lga", "pk": 211, "fields": {"name": "Southern Ijaw", "state": 10}}, {"model": "accounts.lga", "pk": 212, "fields": {"name": "Yenagoa", "state": 10}}, {"model": "accounts.lga", "pk": 213, "fields": {"name": "Abi", "state": 11}}, {"model": "accounts.lga", "pk": 214, "fields": {"name": "Akamkpa", "state": 11}}, {"model": "accounts.lga", "pk": 215, "fields": {"name": "Akpabuyo", "state": 11}}, {"model": "accounts.lga", "pk": 216, "fields": {"name": "Bakassi", "state": 11}}, {"model": "accounts.lga", "pk": 217, "fields": {"name": "Bekwarra", "state": 11}}, {"model": "accounts.lga", "pk": 218, "fields": {"name": "Biase", "state": 11}}, {"model": "accounts.lga", "pk": 219, "fields": {"name": "Boki", "state": 11}}, {"model": "accounts.lga", "pk": 220, "fields": {"name": "Calabar Municipal", "state": 11}}, {"model": "accounts.lga", "pk": 221, "fields": {"name": "Calabar South", "state": 11}}, {"model": "accounts.lga", "pk": 222, "fields": {"name": "Etung", "state": 11}}, {"model": "accounts.lga", "pk": 223, "fields": {"name": "Ikom", "state": 11}}, {"model": "accounts.lga", "pk": 224, "fields": {"name": "Obanliku", "state": 11}}, {"model": "accounts.lga", "pk": 225, "fields": {"name": "Obubra", "state": 11}}, {"model": "accounts.lga", "pk": 226, "fields": {"name": "Obudu", "state": 11}}, {"model": "accounts.lga", "pk": 227, "fields": {"name": "Odukpani", "state": 11}}, {"model": "accounts.lga", "pk": 228, "fields": {"name": "Ogoja", "state": 11}}, {"model": "accounts.lga", "pk": 229, "fields": {"name": "Yakuur", "state": 11}}, {"model": "accounts.lga", "pk": 230, "fields": {"name": "Yala", "state": 11}}, {"model": "accounts.lga", "pk": 231, "fields": {"name": "Aniocha North", "state": 12}}, {"model": "accounts.lga", "pk": 232, "fields": {"name": "Aniocha South", "state": 12}}, {"model": "accounts.lga", "pk": 233, "fields": {"name": "Bomadi", "state": 12}}, {"model": "accounts.lga", "pk": 234, "fields": {"name": "Burutu", "state": 12}}, {"model": "accounts.lga", "pk": 235, "fields": {"name": "Ethiope West", "state": 12}}, {"model": "accounts.lga", "pk": 236, "fields": {"name": "Ethiope East", "state": 12}}, {"model": "accounts.lga", "pk": 237, "fields": {"name": "Ika North East", "state": 12}}, {"model": "accounts.lga", "pk": 238, "fields": {"name": "Ika South", "state": 12}}, {"model": "accounts.lga", "pk": 239, "fields": {"name": "Isoko North", "state": 12}}, {"model": "accounts.lga", "pk": 240, "fields": {"name": "Isoko South", "state": 12}}, {"model": "accounts.lga", "pk": 241, "fields": {"name": "Ndokwa East", "state": 12}}, {"model": "accounts.lga", "pk": 242, "fields": {"name": "Ndokwa West", "state": 12}}, {"model": "accounts.lga", "pk": 243, "fields": {"name": "Okpe", "state": 12}}, {"model": "accounts.lga", "pk": 244, "fields": {"name": "Oshimili North", "state": 12}}, {"model": "accounts.lga", "pk": 245, "fields": {"name": "Oshimili South", "state": 12}}, {"model": "accounts.lga", "pk": 246, "fields": {"name": "Patani", "state": 12}}, {"model": "accounts.lga", "pk": 247, "fields": {"name": "Sapele", "state": 12}}, {"model": "accounts.lga", "pk": 248, "fields": {"name": "Udu", "state": 12}}, {"model": "accounts.lga", "pk": 249, "fields": {"name": "Ughelli North", "state": 12}}, {"model": "accounts.lga", "pk": 250, "fields": {"name": "Ukwuani", "state": 12}}, {"model": "accounts.lga", "pk": 251, "fields": {"name": "Ughelli South", "state": 12}}, {"model": "accounts.lga", "pk": 252, "fields": {"name": "Uvwie", "state": 12}}, {"model": "accounts.lga", "pk": 253, "fields": {"name": "Warri North", "state": 12}}, {"model": "accounts.lga", "pk": 254, "fields": {"name": "Warri South", "state": 12}}, {"model": "accounts.lga", "pk": 255, "fields": {"name": "Warri South West", "state": 12}}, {"model": "accounts.lga", "pk": 256, "fields": {"name": "Abakaliki", "state": 13}}, {"model": "accounts.lga", "pk": 257, "fields": {"name": "Afikpo North", "state": 13}}, {"model": "accounts.lga", "pk": 258, "fields": {"name": "Ebonyi", "state": 13}}, {"model": "accounts.lga", "pk": 259, "fields": {"name": "Afikpo South", "state": 13}}, {"model": "accounts.lga", "pk": 260, "fields": {"name": "Ezza North", "state": 13}}, {"model": "accounts.lga", "pk": 261, "fields": {"name": "Ikwo", "state": 13}}, {"model": "accounts.lga", "pk": 262, "fields": {"name": "Ezza South", "state": 13}}, {"model": "accounts.lga", "pk": 263, "fields": {"name": "Ivo", "state": 13}}, {"model": "accounts.lga", "pk": 264, "fields": {"name": "Ishielu", "state": 13}}, {"model": "accounts.lga", "pk": 265, "fields": {"name": "Izzi", "state": 13}}, {"model": "accounts.lga", "pk": 266, "fields": {"name": "Ohaozara", "state": 13}}, {"model": "accounts.lga", "pk": 267, "fields": {"name": "Ohaukwu", "state": 13}}, {"model": "accounts.lga", "pk": 268, "fields": {"name": "Onicha", "state": 13}}, {"model": "accounts.lga", "pk": 269, "fields": {"name": "Akoko-Edo", "state": 14}}, {"model": "accounts.lga", "pk": 270, "fields": {"name": "Egor", "state": 14}}, {"model": "accounts.lga", "pk": 271, "fields": {"name": "Esan Central", "state": 14}}, {"model": "accounts.lga", "pk": 272, "fields": {"name": "Esan North-East", "state": 14}}, {"model": "accounts.lga", "pk": 273, "fields": {"name": "Esan South-East", "state": 14}}, {"model": "accounts.lga", "pk": 274, "fields": {"name": "Esan West", "state": 14}}, {"model": "accounts.lga", "pk": 275, "fields": {"name": "Etsako Central", "state": 14}}, {"model": "accounts.lga", "pk": 276, "fields": {"name": "Etsako East", "state": 14}}, {"model": "accounts.lga", "pk": 277, "fields": {"name": "Etsako West", "state": 14}}, {"model": "accounts.lga", "pk": 278, "fields": {"name": "Igueben", "state": 14}}, {"model": "accounts.lga", "pk": 279, "fields": {"name": "Ikpoba Okha", "state": 14}}, {"model": "accounts.lga", "pk": 280, "fields": {"name": "Orhionmwon", "state": 14}}, {"model": "accounts.lga", "pk": 281, "fields": {"name": "Oredo", "state": 14}}, {"model": "accounts.lga", "pk": 282, "fields": {"name": "Ovia North-East", "state": 14}}, {"model": "accounts.lga", "pk": 283, "fields": {"name": "Ovia South-West", "state": 14}}, {"model": "accounts.lga", "pk": 284, "fields": {"name": "Owan East", "state": 14}}, {"model": "accounts.lga", "pk": 285, "fields": {"name": "Owan West", "state": 14}}, {"model": "accounts.lga", "pk": 286, "fields": {"name": "Uhunmwonde", "state": 14}}, {"model": "accounts.lga", "pk": 287, "fields": {"name": "Ado Ekiti", "state": 15}}, {"model": "accounts.lga", "pk": 288, "fields": {"name": "Efon", "state": 15}}, {"model": "accounts.lga", "pk": 289, "fields": {"name": "Ekiti East", "state": 15}}, {"model": "accounts.lga", "pk": 290, "fields": {"name": "Ekiti South-West", "state": 15}}, {"model": "accounts.lga", "pk": 291, "fields": {"name": "Ekiti West", "state": 15}}, {"model": "accounts.lga", "pk": 292, "fields": {"name": "Emure", "state": 15}}, {"model": "accounts.lga", "pk": 293, "fields": {"name": "Gbonyin", "state": 15}}, {"model": "accounts.lga", "pk": 294, "fields": {"name": "Ido Osi", "state": 15}}, {"model": "accounts.lga", "pk": 295, "fields": {"name": "Ijero", "state": 15}}, {"model": "accounts.lga", "pk": 296, "fields": {"name": "Ikere", "state": 15}}, {"model": "accounts.lga", "pk": 297, "fields": {"name": "Ilejemeje", "state": 15}}, {"model": "accounts.lga", "pk": 298, "fields": {"name": "Irepodun/Ifelodun", "state": 15}}, {"model": "accounts.lga", "pk": 299, "fields": {"name": "Ikole", "state": 15}}, {"model": "accounts.lga", "pk": 300, "fields": {"name": "Ise/Orun", "state": 15}}, {"model": "accounts.lga", "pk": 301, "fields": {"name": "Moba", "state": 15}}, {"model": "accounts.lga", "pk": 302, "fields": {"name": "Oye", "state": 15}}, {"model": "accounts.lga", "pk": 303, "fields": {"name": "Awgu", "state": 16}}, {"model": "accounts.lga", "pk": 304, "fields": {"name": "Aninri", "state": 16}}, {"model": "accounts.lga", "pk": 305, "fields": {"name": "Enugu East", "state": 16}}, {"model": "accounts.lga", "pk": 306, "fields": {"name": "Enugu North", "state": 16}}, {"model": "accounts.lga", "pk": 307, "fields": {"name": "Ezeagu", "state": 16}}, {"model": "accounts.lga", "pk": 308, "fields": {"name": "Enugu South", "state": 16}}, {"model": "accounts.lga", "pk": 309, "fields": {"name": "Igbo Etiti", "state": 16}}, {"model": "accounts.lga", "pk": 310, "fields": {"name": "Igbo Eze North", "state": 16}}, {"model": "accounts.lga", "pk": 311, "fields": {"name": "Igbo Eze South", "state": 16}}, {"model": "accounts.lga", "pk": 312, "fields": {"name": "Isi Uzo", "state": 16}}, {"model": "accounts.lga", "pk": 313, "fields": {"name": "Nkanu East", "state": 16}}, {"model": "accounts.lga", "pk": 314, "fields": {"name": "Nkanu West", "state": 16}}, {"model": "accounts.lga", "pk": 315, "fields": {"name": "Nsukka", "state": 16}}, {"model": "accounts.lga", "pk": 316, "fields": {"name": "Udenu", "state": 16}}, {"model": "accounts.lga", "pk": 317, "fields": {"name": "Oji River", "state": 16}}, {"model": "accounts.lga", "pk": 318, "fields": {"name": "Uzo Uwani", "state": 16}}, {"model": "accounts.lga", "pk": 319, "fields": {"name": "Udi", "state": 16}}, {"model": "accounts.lga", "pk": 320, "fields": {"name": "Abaji", "state": 17}}, {"model": "accounts.lga", "pk": 321, "fields": {"name": "Bwari", "state": 17}}, {"model": "accounts.lga", "pk": 322, "fields": {"name": "Gwagwalada", "state": 17}}, {"model": "accounts.lga", "pk": 323, "fields": {"name": "Kuje", "state": 17}}, {"model": "accounts.lga", "pk": 324, "fields": {"name": "Kwali", "state": 17}}, {"model": "accounts.lga", "pk": 325, "fields": {"name": "Municipal Area Council", "state": 17}}, {"model": "accounts.lga", "pk": 326, "fields": {"name": "Akko", "state": 18}}, {"model": "accounts.lga", "pk": 327, "fields": {"name": "Balanga", "state": 18}}, {"model": "accounts.lga", "pk": 328, "fields": {"name": "Billiri", "state": 18}}, {"model": "accounts.lga", "pk": 329, "fields": {"name": "Dukku", "state": 18}}, {"model": "accounts.lga", "pk": 330, "fields": {"name": "Funakaye", "state": 18}}, {"model": "accounts.lga", "pk": 331, "fields": {"name": "Gombe", "state": 18}}, {"model": "accounts.lga", "pk": 332, "fields": {"name": "Kaltungo", "state": 18}}, {"model": "accounts.lga", "pk": 333, "fields": {"name": "Kwami", "state": 18}}, {"model": "accounts.lga", "pk": 334, "fields": {"name": "Nafada", "state": 18}}, {"model": "accounts.lga", "pk": 335, "fields": {"name": "Shongom", "state": 18}}, {"model": "accounts.lga", "pk": 336, "fields": {"name": "Yamaltu/Deba", "state": 18}}, {"model": "accounts.lga", "pk": 337, "fields": {"name": "Auyo", "state": 19}}, {"model": "accounts.lga", "pk": 338, "fields": {"name": "Babura", "state": 19}}, {"model": "accounts.lga", "pk": 339, "fields": {"name": "Buji", "state": 19}}, {"model": "accounts.lga", "pk": 340, "fields": {"name": "Biriniwa", "state": 19}}, {"model": "accounts.lga", "pk": 341, "fields": {"name": "Birnin Kudu", "state": 19}}, {"model": "accounts.lga", "pk": 342, "fields": {"name": "Dutse", "state": 19}}, {"model": "accounts.lga", "pk": 343, "fields": {"name": "Gagarawa", "state": 19}}, {"model": "accounts.lga", "pk": 344, "fields": {"name": "Garki", "state": 19}}, {"model": "accounts.lga", "pk": 345, "fields": {"name": "Gumel", "state": 19}}, {"model": "accounts.lga", "pk": 346, "fields": {"name": "Guri", "state": 19}}, {"model": "accounts.lga", "pk": 347, "fields": {"name": "Gwaram", "state": 19}}, {"model": "accounts.lga", "pk": 348, "fields": {"name": "Gwiwa", "state": 19}}, {"model": "accounts.lga", "pk": 349, "fields": {"name": "Hadejia", "state": 19}}, {"model": "accounts.lga", "pk": 350, "fields": {"name": "Jahun", "state": 19}}, {"model": "accounts.lga", "pk": 351, "fields": {"name": "Kafin Hausa", "state": 19}}, {"model": "accounts.lga", "pk": 352, "fields": {"name": "Kazaure", "state": 19}}, {"model": "accounts.lga", "pk": 353, "fields": {"name": "Kiri Kasama", "state": 19}}, {"model": "accounts.lga", "pk": 354, "fields": {"name": "Kiyawa", "state": 19}}, {"model": "accounts.lga", "pk": 355, "fields": {"name": "Kaugama", "state": 19}}, {"model": "accounts.lga", "pk": 356, "fields": {"name": "Maigatari", "state": 19}}, {"model": "accounts.lga", "pk": 357, "fields": {"name": "Malam Madori", "state": 19}}, {"model": "accounts.lga", "pk": 358, "fields": {"name": "Miga", "state": 19}}, {"model": "accounts.lga", "pk": 359, "fields": {"name": "Sule Tankarkar", "state": 19}}, {"model": "accounts.lga", "pk": 360, "fields": {"name": "Roni", "state": 19}}, {"model": "accounts.lga", "pk": 361, "fields": {"name": "Ringim", "state": 19}}, {"model": "accounts.lga", "pk": 362, "fields": {"name": "Yankwashi", "state": 19}}, {"model": "accounts.lga", "pk": 363, "fields": {"name": "Taura", "state": 19}}, {"model": "accounts.lga", "pk": 364, "fields": {"name": "Afijio", "state": 20}}, {"model": "accounts.lga", "pk": 365, "fields": {"name": "Akinyele", "state": 20}}, {"model": "accounts.lga", "pk": 366, "fields": {"name": "Atiba", "state": 20}}, {"model": "accounts.lga", "pk": 367, "fields": {"name": "Atisbo", "state": 20}}, {"model": "accounts.lga", "pk": 368, "fields": {"name": "Egbeda", "state": 20}}, {"model": "accounts.lga", "pk": 369, "fields": {"name": "Ibadan North", "state": 20}}, {"model": "accounts.lga", "pk": 370, "fields": {"name": "Ibadan North-East", "state": 20}}, {"model": "accounts.lga", "pk": 371, "fields": {"name": "Ibadan North-West", "state": 20}}, {"model": "accounts.lga", "pk": 372, "fields": {"name": "Ibadan South-East", "state": 20}}, {"model": "accounts.lga", "pk": 373, "fields": {"name": "Ibarapa Central", "state": 20}}, {"model": "accounts.lga", "pk": 374, "fields": {"name": "Ibadan South-West", "state": 20}}, {"model": "accounts.lga", "pk": 375, "fields": {"name": "Ibarapa East", "state": 20}}, {"model": "accounts.lga", "pk": 376, "fields": {"name": "Ido", "state": 20}}, {"model": "accounts.lga", "pk": 377, "fields": {"name": "Ibarapa North", "state": 20}}, {"model": "accounts.lga", "pk": 378, "fields": {"name": "Irepo", "state": 20}}, {"model": "accounts.lga", "pk": 379, "fields": {"name": "Iseyin", "state": 20}}, {"model": "accounts.lga", "pk": 380, "fields": {"name": "Itesiwaju", "state": 20}}, {"model": "accounts.lga", "pk": 381, "fields": {"name": "Iwajowa", "state": 20}}, {"model": "accounts.lga", "pk": 382, "fields": {"name": "Kajola", "state": 20}}, {"model": "accounts.lga", "pk": 383, "fields": {"name": "Lagelu", "state": 20}}, {"model": "accounts.lga", "pk": 384, "fields": {"name": "Ogbomosho North", "state": 20}}, {"model": "accounts.lga", "pk": 385, "fields": {"name": "Ogbomosho South", "state": 20}}, {"model": "accounts.lga", "pk": 386, "fields": {"name": "Ogo Oluwa", "state": 20}}, {"model": "accounts.lga", "pk": 387, "fields": {"name": "Olorunsogo", "state": 20}}, {"model": "accounts.lga", "pk": 388, "fields": {"name": "Oluyole", "state": 20}}, {"model": "accounts.lga", "pk": 389, "fields": {"name": "Ona Ara", "state": 20}}, {"model": "accounts.lga", "pk": 390, "fields": {"name": "Orelope", "state": 20}}, {"model": "accounts.lga", "pk": 391, "fields": {"name": "Ori Ire", "state": 20}}, {"model": "accounts.lga", "pk": 392, "fields": {"name": "Oyo", "state": 20}}, {"model": "accounts.lga", "pk": 393, "fields": {"name": "Oyo East", "state": 20}}, {"model": "accounts.lga", "pk": 394, "fields": {"name": "Saki East", "state": 20}}, {"model": "accounts.lga", "pk": 395, "fields": {"name": "Saki West", "state": 20}}, {"model": "accounts.lga", "pk": 396, "fields": {"name": "Surulere Oyo State", "state": 20}}, {"model": "accounts.lga", "pk": 397, "fields": {"name": "Aboh Mbaise", "state": 21}}, {"model": "accounts.lga", "pk": 398, "fields": {"name": "Ahiazu Mbaise", "state": 21}}, {"model": "accounts.lga", "pk": 399, "fields": {"name": "Ehime Mbano", "state": 21}}, {"model": "accounts.lga", "pk": 400, "fields": {"name": "Ezinihitte", "state": 21}}, {"model": "accounts.lga", "pk": 401, "fields": {"name": "Ideato North", "state": 21}}, {"model": "accounts.lga", "pk": 402, "fields": {"name": "Ideato South", "state": 21}}, {"model": "accounts.lga", "pk": 403, "fields": {"name": "Ihitte/Uboma", "state": 21}}, {"model": "accounts.lga", "pk": 404, "fields": {"name": "Ikeduru", "state": 21}}, {"model": "accounts.lga", "pk": 405, "fields": {"name": "Isiala Mbano", "state": 21}}, {"model": "accounts.lga", "pk": 406, "fields": {"name": "Mbaitoli", "state": 21}}, {"model": "accounts.lga", "pk": 407, "fields": {"name": "Isu", "state": 21}}, {"model": "accounts.lga", "pk": 408, "fields": {"name": "Ngor Okpala", "state": 21}}, {"model": "accounts.lga", "pk": 409, "fields": {"name": "Njaba", "state": 21}}, {"model": "accounts.lga", "pk": 410, "fields": {"name": "Nkwerre", "state": 21}}, {"model": "accounts.lga", "pk": 411, "fields": {"name": "Nwangele", "state": 21}}, {"model": "accounts.lga", "pk": 412, "fields": {"name": "Obowo", "state": 21}}, {"model": "accounts.lga", "pk": 413, "fields": {"name": "Oguta", "state": 21}}, {"model": "accounts.lga", "pk": 414, "fields": {"name": "Ohaji/Egbema", "state": 21}}, {"model": "accounts.lga", "pk": 415, "fields": {"name": "Okigwe", "state": 21}}, {"model": "accounts.lga", "pk": 416, "fields": {"name": "Orlu", "state": 21}}, {"model": "accounts.lga", "pk": 417, "fields": {"name": "Orsu", "state": 21}}, {"model": "accounts.lga", "pk": 418, "fields": {"name": "Oru East", "state": 21}}, {"model": "accounts.lga", "pk": 419, "fields": {"name": "Oru West", "state": 21}}, {"model": "accounts.lga", "pk": 420, "fields": {"name": "Owerri Municipal", "state": 21}}, {"model": "accounts.lga", "pk": 421, "fields": {"name": "Owerri North", "state": 21}}, {"model": "accounts.lga", "pk": 422, "fields": {"name": "Unuimo", "state": 21}}, {"model": "accounts.lga", "pk": 423, "fields": {"name": "Owerri West", "state": 21}}, {"model": "accounts.lga", "pk": 424, "fields": {"name": "Birnin Gwari", "state": 22}}, {"model": "accounts.lga", "pk": 425, "fields": {"name": "Chikun", "state": 22}}, {"model": "accounts.lga", "pk": 426, "fields": {"name": "Giwa", "state": 22}}, {"model": "accounts.lga", "pk": 427, "fields": {"name": "Ikara", "state": 22}}, {"model": "accounts.lga", "pk": 428, "fields": {"name": "Igabi", "state": 22}}, {"model": "accounts.lga", "pk": 429, "fields": {"name": "Jaba", "state": 22}}, {"model": "accounts.lga", "pk": 430, "fields": {"name": "Jema'a", "state": 22}}, {"model": "accounts.lga", "pk": 431, "fields": {"name": "Kachia", "state": 22}}, {"model": "accounts.lga", "pk": 432, "fields": {"name": "Kaduna North", "state": 22}}, {"model": "accounts.lga", "pk": 433, "fields": {"name": "Kaduna South", "state": 22}}, {"model": "accounts.lga", "pk": 434, "fields": {"name": "Kagarko", "state": 22}}, {"model": "accounts.lga", "pk": 435, "fields": {"name": "Kajuru", "state": 22}}, {"model": "accounts.lga", "pk": 436, "fields": {"name": "Kaura", "state": 22}}, {"model": "accounts.lga", "pk": 437, "fields": {"name": "Kauru", "state": 22}}, {"model": "accounts.lga", "pk": 438, "fields": {"name": "Kubau", "state": 22}}, {"model": "accounts.lga", "pk": 439, "fields": {"name": "Kudan", "state": 22}}, {"model": "accounts.lga", "pk": 440, "fields": {"name": "Lere", "state": 22}}, {"model": "accounts.lga", "pk": 441, "fields": {"name": "Makarfi", "state": 22}}, {"model": "accounts.lga", "pk": 442, "fields": {"name": "Sabon Gari", "state": 22}}, {"model": "accounts.lga", "pk": 443, "fields": {"name": "Sanga", "state": 22}}, {"model": "accounts.lga", "pk": 444, "fields": {"name": "Soba", "state": 22}}, {"model": "accounts.lga", "pk": 445, "fields": {"name": "Zangon Kataf", "state": 22}}, {"model": "accounts.lga", "pk": 446, "fields": {"name": "Zaria", "state": 22}}, {"model": "accounts.lga", "pk": 447, "fields": {"name": "Aleiro", "state": 23}}, {"model": "accounts.lga", "pk": 448, "fields": {"name": "Argungu", "state": 23}}, {"model": "accounts.lga", "pk": 449, "fields": {"name": "Arewa Dandi", "state": 23}}, {"model": "accounts.lga", "pk": 450, "fields": {"name": "Augie", "state": 23}}, {"model": "accounts.lga", "pk": 451, "fields": {"name": "Bagudo", "state": 23}}, {"model": "accounts.lga", "pk": 452, "fields": {"name": "Birnin Kebbi", "state": 23}}, {"model": "accounts.lga", "pk": 453, "fields": {"name": "Bunza", "state": 23}}, {"model": "accounts.lga", "pk": 454, "fields": {"name": "Dandi", "state": 23}}, {"model": "accounts.lga", "pk": 455, "fields": {"name": "Fakai", "state": 23}}, {"model": "accounts.lga", "pk": 456, "fields": {"name": "Gwandu", "state": 23}}, {"model": "accounts.lga", "pk": 457, "fields": {"name": "Jega", "state": 23}}, {"model": "accounts.lga", "pk": 458, "fields": {"name": "Kalgo", "state": 23}}, {"model": "accounts.lga", "pk": 459, "fields": {"name": "Koko/Besse", "state": 23}}, {"model": "accounts.lga", "pk": 460, "fields": {"name": "Maiyama", "state": 23}}, {"model": "accounts.lga", "pk": 461, "fields": {"name": "Ngaski", "state": 23}}, {"model": "accounts.lga", "pk": 462, "fields": {"name": "Shanga", "state": 23}}, {"model": "accounts.lga", "pk": 463, "fields": {"name": "Suru", "state": 23}}, {"model": "accounts.lga", "pk": 464, "fields": {"name": "Sakaba", "state": 23}}, {"model": "accounts.lga", "pk": 465, "fields": {"name": "Wasagu/Danko", "state": 23}}, {"model": "accounts.lga", "pk": 466, "fields": {"name": "Yauri", "state": 23}}, {"model": "accounts.lga", "pk": 467, "fields": {"name": "Zuru", "state": 23}}, {"model": "accounts.lga", "pk": 468, "fields": {"name": "Ajingi", "state": 24}}, {"model": "accounts.lga", "pk": 469, "fields": {"name": "Albasu", "state": 24}}, {"model": "accounts.lga", "pk": 470, "fields": {"name": "Bagwai", "state": 24}}, {"model": "accounts.lga", "pk": 471, "fields": {"name": "Bebeji", "state": 24}}, {"model": "accounts.lga", "pk": 472, "fields": {"name": "Bichi", "state": 24}}, {"model": "accounts.lga", "pk": 473, "fields": {"name": "Bunkure", "state": 24}}, {"model": "accounts.lga", "pk": 474, "fields": {"name": "Dala", "state": 24}}, {"model": "accounts.lga", "pk": 475, "fields": {"name": "Dambatta", "state": 24}}, {"model": "accounts.lga", "pk": 476, "fields": {"name": "Dawakin Kudu", "state": 24}}, {"model": "accounts.lga", "pk": 477, "fields": {"name": "Dawakin Tofa", "state": 24}}, {"model": "accounts.lga", "pk": 478, "fields": {"name": "Doguwa", "state": 24}}, {"model": "accounts.lga", "pk": 479, "fields": {"name": "Fagge", "state": 24}}, {"model": "accounts.lga", "pk": 480, "fields": {"name": "Gabasawa", "state": 24}}, {"model": "accounts.lga", "pk": 481, "fields": {"name": "Garko", "state": 24}}, {"model": "accounts.lga", "pk": 482, "fields": {"name": "Garun Mallam", "state": 24}}, {"model": "accounts.lga", "pk": 483, "fields": {"name": "Gezawa", "state": 24}}, {"model": "accounts.lga", "pk": 484, "fields": {"name": "Gaya", "state": 24}}, {"model": "accounts.lga", "pk": 485, "fields": {"name": "Gwale", "state": 24}}, {"model": "accounts.lga", "pk": 486, "fields": {"name": "Gwarzo", "state": 24}}, {"model": "accounts.lga", "pk": 487, "fields": {"name": "Kabo", "state": 24}}, {"model": "accounts.lga", "pk": 488, "fields": {"name": "Kano Municipal", "state": 24}}, {"model": "accounts.lga", "pk": 489, "fields": {"name": "Karaye", "state": 24}}, {"model": "accounts.lga", "pk": 490, "fields": {"name": "Kibiya", "state": 24}}, {"model": "accounts.lga", "pk": 491, "fields": {"name": "Kiru", "state": 24}}, {"model": "accounts.lga", "pk": 492, "fields": {"name": "Kumbotso", "state": 24}}, {"model": "accounts.lga", "pk": 493, "fields": {"name": "Kunchi", "state": 24}}, {"model": "accounts.lga", "pk": 494, "fields": {"name": "Kura", "state": 24}}, {"model": "accounts.lga", "pk": 495, "fields": {"name": "Madobi", "state": 24}}, {"model": "accounts.lga", "pk": 496, "fields": {"name": "Makoda", "state": 24}}, {"model": "accounts.lga", "pk": 497, "fields": {"name": "Minjibir", "state": 24}}, {"model": "accounts.lga", "pk": 498, "fields": {"name": "Nasarawa", "state": 24}}, {"model": "accounts.lga", "pk": 499, "fields": {"name": "Rano", "state": 24}}, {"model": "accounts.lga", "pk": 500, "fields": {"name": "Rimin Gado", "state": 24}}, {"model": "accounts.lga", "pk": 501, "fields": {"name": "Rogo", "state": 24}}, {"model": "accounts.lga", "pk": 502, "fields": {"name": "Shanono", "state": 24}}, {"model": "accounts.lga", "pk": 503, "fields": {"name": "Takai", "state": 24}}, {"model": "accounts.lga", "pk": 504, "fields": {"name": "Sumaila", "state": 24}}, {"model": "accounts.lga", "pk": 505, "fields": {"name": "Tarauni", "state": 24}}, {"model": "accounts.lga", "pk": 506, "fields": {"name": "Tofa", "state": 24}}, {"model": "accounts.lga", "pk": 507, "fields": {"name": "Tsanyawa", "state": 24}}, {"model": "accounts.lga", "pk": 508, "fields": {"name": "Tudun Wada", "state": 24}}, {"model": "accounts.lga", "pk": 509, "fields": {"name": "Ungogo", "state": 24}}, {"model": "accounts.lga", "pk": 510, "fields": {"name": "Warawa", "state": 24}}, {"model": "accounts.lga", "pk": 511, "fields": {"name": "Wudil", "state": 24}}, {"model": "accounts.lga", "pk": 512, "fields": {"name": "Ajaokuta", "state": 25}}, {"model": "accounts.lga", "pk": 513, "fields": {"name": "Adavi", "state": 25}}, {"model": "accounts.lga", "pk": 514, "fields": {"name": "Ankpa", "state": 25}}, {"model": "accounts.lga", "pk": 515, "fields": {"name": "Bassa", "state": 25}}, {"model": "accounts.lga", "pk": 516, "fields": {"name": "Dekina", "state": 25}}, {"model": "accounts.lga", "pk": 517, "fields": {"name": "Ibaji", "state": 25}}, {"model": "accounts.lga", "pk": 518, "fields": {"name": "Idah", "state": 25}}, {"model": "accounts.lga", "pk": 519, "fields": {"name": "Igalamela Odolu", "state": 25}}, {"model": "accounts.lga", "pk": 520, "fields": {"name": "Ijumu", "state": 25}}, {"model": "accounts.lga", "pk": 521, "fields": {"name": "Kogi", "state": 25}}, {"model": "accounts.lga", "pk": 522, "fields": {"name": "Kabba/Bunu", "state": 25}}, {"model": "accounts.lga", "pk": 523, "fields": {"name": "Lokoja", "state": 25}}, {"model": "accounts.lga", "pk": 524, "fields": {"name": "Ofu", "state": 25}}, {"model": "accounts.lga", "pk": 525, "fields": {"name": "Mopa Muro", "state": 25}}, {"model": "accounts.lga", "pk": 526, "fields": {"name": "Ogori/Magongo", "state": 25}}, {"model": "accounts.lga", "pk": 527, "fields": {"name": "Okehi", "state": 25}}, {"model": "accounts.lga", "pk": 528, "fields": {"name": "Okene", "state": 25}}, {"model": "accounts.lga", "pk": 529, "fields": {"name": "Olamaboro", "state": 25}}, {"model": "accounts.lga", "pk": 530, "fields": {"name": "Omala", "state": 25}}, {"model": "accounts.lga", "pk": 531, "fields": {"name": "Yagba East", "state": 25}}, {"model": "accounts.lga", "pk": 532, "fields": {"name": "Yagba West", "state": 25}}, {"model": "accounts.lga", "pk": 533, "fields": {"name": "Aiyedire", "state": 26}}, {"model": "accounts.lga", "pk": 534, "fields": {"name": "Atakunmosa West", "state": 26}}, {"model": "accounts.lga", "pk": 535, "fields": {"name": "Atakunmosa East", "state": 26}}, {"model": "accounts.lga", "pk": 536, "fields": {"name": "Aiyedaade", "state": 26}}, {"model": "accounts.lga", "pk": 537, "fields": {"name": "Boluwaduro", "state": 26}}, {"model": "accounts.lga", "pk": 538, "fields": {"name": "Boripe", "state": 26}}, {"model": "accounts.lga", "pk": 539, "fields": {"name": "Ife East", "state": 26}}, {"model": "accounts.lga", "pk": 540, "fields": {"name": "Ede South", "state": 26}}, {"model": "accounts.lga", "pk": 541, "fields": {"name": "Ife North", "state": 26}}, {"model": "accounts.lga", "pk": 542, "fields": {"name": "Ede North", "state": 26}}, {"model": "accounts.lga", "pk": 543, "fields": {"name": "Ife South", "state": 26}}, {"model": "accounts.lga", "pk": 544, "fields": {"name": "Ejigbo", "state": 26}}, {"model": "accounts.lga", "pk": 545, "fields": {"name": "Ife Central", "state": 26}}, {"model": "accounts.lga", "pk": 546, "fields": {"name": "Ifedayo", "state": 26}}, {"model": "accounts.lga", "pk": 547, "fields": {"name": "Egbedore", "state": 26}}, {"model": "accounts.lga", "pk": 548, "fields": {"name": "Ila", "state": 26}}, {"model": "accounts.lga", "pk": 549, "fields": {"name": "Ifelodun", "state": 26}}, {"model": "accounts.lga", "pk": 550, "fields": {"name": "Ilesa East", "state": 26}}, {"model": "accounts.lga", "pk": 551, "fields": {"name": "Ilesa West", "state": 26}}, {"model": "accounts.lga", "pk": 552, "fields": {"name": "Irepodun", "state": 26}}, {"model": "accounts.lga", "pk": 553, "fields": {"name": "Irewole", "state": 26}}, {"model": "accounts.lga", "pk": 554, "fields": {"name": "Isokan", "state": 26}}, {"model": "accounts.lga", "pk": 555, "fields": {"name": "Iwo", "state": 26}}, {"model": "accounts.lga", "pk": 556, "fields": {"name": "Obokun", "state": 26}}, {"model": "accounts.lga", "pk": 557, "fields": {"name": "Odo Otin", "state": 26}}, {"model": "accounts.lga", "pk": 558, "fields": {"name": "Ola Oluwa", "state": 26}}, {"model": "accounts.lga", "pk": 559, "fields": {"name": "Olorunda", "state": 26}}, {"model": "accounts.lga", "pk": 560, "fields": {"name": "Oriade", "state": 26}}, {"model": "accounts.lga", "pk": 561, "fields": {"name": "Orolu", "state": 26}}, {"model": "accounts.lga", "pk": 562, "fields": {"name": "Osogbo", "state": 26}}, {"model": "accounts.lga", "pk": 563, "fields": {"name": "Gudu", "state": 27}}, {"model": "accounts.lga", "pk": 564, "fields": {"name": "Gwadabawa", "state": 27}}, {"model": "accounts.lga", "pk": 565, "fields": {"name": "Illela", "state": 27}}, {"model": "accounts.lga", "pk": 566, "fields": {"name": "Isa", "state": 27}}, {"model": "accounts.lga", "pk": 567, "fields": {"name": "Kebbe", "state": 27}}, {"model": "accounts.lga", "pk": 568, "fields": {"name": "Kware", "state": 27}}, {"model": "accounts.lga", "pk": 569, "fields": {"name": "Rabah", "state": 27}}, {"model": "accounts.lga", "pk": 570, "fields": {"name": "Sabon Birni", "state": 27}}, {"model": "accounts.lga", "pk": 571, "fields": {"name": "Shagari", "state": 27}}, {"model": "accounts.lga", "pk": 572, "fields": {"name": "Silame", "state": 27}}, {"model": "accounts.lga", "pk": 573, "fields": {"name": "Sokoto North", "state": 27}}, {"model": "accounts.lga", "pk": 574, "fields": {"name": "Sokoto South", "state": 27}}, {"model": "accounts.lga", "pk": 575, "fields": {"name": "Tambuwal", "state": 27}}, {"model": "accounts.lga", "pk": 576, "fields": {"name": "Tangaza", "state": 27}}, {"model": "accounts.lga", "pk": 577, "fields": {"name": "Tureta", "state": 27}}, {"model": "accounts.lga", "pk": 578, "fields": {"name": "Wamako", "state": 27}}, {"model": "accounts.lga", "pk": 579, "fields": {"name": "Wurno", "state": 27}}, {"model": "accounts.lga", "pk": 580, "fields": {"name": "Yabo", "state": 27}}, {"model": "accounts.lga", "pk": 581, "fields": {"name": "Binji", "state": 27}}, {"model": "accounts.lga", "pk": 582, "fields": {"name": "Bodinga", "state": 27}}, {"model": "accounts.lga", "pk": 583, "fields": {"name": "Dange Shuni", "state": 27}}, {"model": "accounts.lga", "pk": 584, "fields": {"name": "Goronyo", "state": 27}}, {"model": "accounts.lga", "pk": 585, "fields": {"name": "Gada", "state": 27}}, {"model": "accounts.lga", "pk": 586, "fields": {"name": "Bokkos", "state": 28}}, {"model": "accounts.lga", "pk": 587, "fields": {"name": "Barkin Ladi", "state": 28}}, {"model": "accounts.lga", "pk": 588, "fields": {"name": "Bassa", "state": 28}}, {"model": "accounts.lga", "pk": 589, "fields": {"name": "Jos East", "state": 28}}, {"model": "accounts.lga", "pk": 590, "fields": {"name": "Jos North", "state": 28}}, {"model": "accounts.lga", "pk": 591, "fields": {"name": "Jos South", "state": 28}}, {"model": "accounts.lga", "pk": 592, "fields": {"name": "Kanam", "state": 28}}, {"model": "accounts.lga", "pk": 593, "fields": {"name": "Kanke", "state": 28}}, {"model": "accounts.lga", "pk": 594, "fields": {"name": "Langtang South", "state": 28}}, {"model": "accounts.lga", "pk": 595, "fields": {"name": "Langtang North", "state": 28}}, {"model": "accounts.lga", "pk": 596, "fields": {"name": "Mangu", "state": 28}}, {"model": "accounts.lga", "pk": 597, "fields": {"name": "Mikang", "state": 28}}, {"model": "accounts.lga", "pk": 598, "fields": {"name": "Pankshin", "state": 28}}, {"model": "accounts.lga", "pk": 599, "fields": {"name": "Qua'an Pan", "state": 28}}, {"model": "accounts.lga", "pk": 600, "fields": {"name": "Riyom", "state": 28}}, {"model": "accounts.lga", "pk": 601, "fields": {"name": "Shendam", "state": 28}}, {"model": "accounts.lga", "pk": 602, "fields": {"name": "Wase", "state": 28}}, {"model": "accounts.lga", "pk": 603, "fields": {"name": "Ardo Kola", "state": 29}}, {"model": "accounts.lga", "pk": 604, "fields": {"name": "Bali", "state": 29}}, {"model": "accounts.lga", "pk": 605, "fields": {"name": "Donga", "state": 29}}, {"model": "accounts.lga", "pk": 606, "fields": {"name": "Gashaka", "state": 29}}, {"model": "accounts.lga", "pk": 607, "fields": {"name": "Gassol", "state": 29}}, {"model": "accounts.lga", "pk": 608, "fields": {"name": "Ibi", "state": 29}}, {"model": "accounts.lga", "pk": 609, "fields": {"name": "Jalingo", "state": 29}}, {"model": "accounts.lga", "pk": 610, "fields": {"name": "Karim Lamido", "state": 29}}, {"model": "accounts.lga", "pk": 611, "fields": {"name": "Kumi", "state": 29}}, {"model": "accounts.lga", "pk": 612, "fields": {"name": "Lau", "state": 29}}, {"model": "accounts.lga", "pk": 613, "fields": {"name": "Sardauna", "state": 29}}, {"model": "accounts.lga", "pk": 614, "fields": {"name": "Takum", "state": 29}}, {"model": "accounts.lga", "pk": 615, "fields": {"name": "Ussa", "state": 29}}, {"model": "accounts.lga", "pk": 616, "fields": {"name": "Wukari", "state": 29}}, {"model": "accounts.lga", "pk": 617, "fields": {"name": "Yorro", "state": 29}}, {"model": "accounts.lga", "pk": 618, "fields": {"name": "Zing", "state": 29}}, {"model": "accounts.lga", "pk": 619, "fields": {"name": "Bade", "state": 30}}, {"model": "accounts.lga", "pk": 620, "fields": {"name": "Bursari", "state": 30}}, {"model": "accounts.lga", "pk": 621, "fields": {"name": "Damaturu", "state": 30}}, {"model": "accounts.lga", "pk": 622, "fields": {"name": "Fika", "state": 30}}, {"model": "accounts.lga", "pk": 623, "fields": {"name": "Fune", "state": 30}}, {"model": "accounts.lga", "pk": 624, "fields": {"name": "Geidam", "state": 30}}, {"model": "accounts.lga", "pk": 625, "fields": {"name": "Gujba", "state": 30}}, {"model": "accounts.lga", "pk": 626, "fields": {"name": "Gulani", "state": 30}}, {"model": "accounts.lga", "pk": 627, "fields": {"name": "Jakusko", "state": 30}}, {"model": "accounts.lga", "pk": 628, "fields": {"name": "Karasuwa", "state": 30}}, {"model": "accounts.lga", "pk": 629, "fields": {"name": "Machina", "state": 30}}, {"model": "accounts.lga", "pk": 630, "fields": {"name": "Nangere", "state": 30}}, {"model": "accounts.lga", "pk": 631, "fields": {"name": "Nguru", "state": 30}}, {"model": "accounts.lga", "pk": 632, "fields": {"name": "Potiskum", "state": 30}}, {"model": "accounts.lga", "pk": 633, "fields": {"name": "Tarmuwa", "state": 30}}, {"model": "accounts.lga", "pk": 634, "fields": {"name": "Yunusari", "state": 30}}, {"model": "accounts.lga", "pk": 635, "fields": {"name": "Yusufari", "state": 30}}, {"model": "accounts.lga", "pk": 636, "fields": {"name": "Anka", "state": 31}}, {"model": "accounts.lga", "pk": 637, "fields": {"name": "Birnin Magaji/Kiyaw", "state": 31}}, {"model": "accounts.lga", "pk": 638, "fields": {"name": "Bakura", "state": 31}}, {"model": "accounts.lga", "pk": 639, "fields": {"name": "Bukkuyum", "state": 31}}, {"model": "accounts.lga", "pk": 640, "fields": {"name": "Bungudu", "state": 31}}, {"model": "accounts.lga", "pk": 641, "fields": {"name": "Gummi", "state": 31}}, {"model": "accounts.lga", "pk": 642, "fields": {"name": "Gusau", "state": 31}}, {"model": "accounts.lga", "pk": 643, "fields": {"name": "Kaura Namoda", "state": 31}}, {"model": "accounts.lga", "pk": 644, "fields": {"name": "Maradun", "state": 31}}, {"model": "accounts.lga", "pk": 645, "fields": {"name": "Shinkafi", "state": 31}}, {"model": "accounts.lga", "pk": 646, "fields": {"name": "Maru", "state": 31}}, {"model": "accounts.lga", "pk": 647, "fields": {"name": "Talata Mafara", "state": 31}}, {"model": "accounts.lga", "pk": 648, "fields": {"name": "Tsafe", "state": 31}}, {"model": "accounts.lga", "pk": 649, "fields": {"name": "Zurmi", "state": 31}}, {"model": "accounts.lga", "pk": 650, "fields": {"name": "Agege", "state": 32}}, {"model": "accounts.lga", "pk": 651, "fields": {"name": "Ajeromi-Ifelodun", "state": 32}}, {"model": "accounts.lga", "pk": 652, "fields": {"name": "Alimosho", "state": 32}}, {"model": "accounts.lga", "pk": 653, "fields": {"name": "Amuwo-Odofin", "state": 32}}, {"model": "accounts.lga", "pk": 654, "fields": {"name": "Badagry", "state": 32}}, {"model": "accounts.lga", "pk": 655, "fields": {"name": "Apapa", "state": 32}}, {"model": "accounts.lga", "pk": 656, "fields": {"name": "Epe", "state": 32}}, {"model": "accounts.lga", "pk": 657, "fields": {"name": "Eti Osa", "state": 32}}, {"model": "accounts.lga", "pk": 658, "fields": {"name": "Ibeju-Lekki", "state": 32}}, {"model": "accounts.lga", "pk": 659, "fields": {"name": "Ifako-Ijaiye", "state": 32}}, {"model": "accounts.lga", "pk": 660, "fields": {"name": "Ikeja", "state": 32}}, {"model": "accounts.lga", "pk": 661, "fields": {"name": "Ikorodu", "state": 32}}, {"model": "accounts.lga", "pk": 662, "fields": {"name": "Kosofe", "state": 32}}, {"model": "accounts.lga", "pk": 663, "fields": {"name": "Lagos Island", "state": 32}}, {"model": "accounts.lga", "pk": 664, "fields": {"name": "Mushin", "state": 32}}, {"model": "accounts.lga", "pk": 665, "fields": {"name": "Lagos Mainland", "state": 32}}, {"model": "accounts.lga", "pk": 666, "fields": {"name": "Ojo", "state": 32}}, {"model": "accounts.lga", "pk": 667, "fields": {"name": "Oshodi-Isolo", "state": 32}}, {"model": "accounts.lga", "pk": 668, "fields": {"name": "Shomolu", "state": 32}}, {"model": "accounts.lga", "pk": 669, "fields": {"name": "Surulere Lagos State", "state": 32}}, {"model": "accounts.lga", "pk": 670, "fields": {"name": "Bakori", "state": 33}}, {"model": "accounts.lga", "pk": 671, "fields": {"name": "Batagarawa", "state": 33}}, {"model": "accounts.lga", "pk": 672, "fields": {"name": "Batsari", "state": 33}}, {"model": "accounts.lga", "pk": 673, "fields": {"name": "Baure", "state": 33}}, {"model": "accounts.lga", "pk": 674, "fields": {"name": "Bindawa", "state": 33}}, {"model": "accounts.lga", "pk": 675, "fields": {"name": "Charanchi", "state": 33}}, {"model": "accounts.lga", "pk": 676, "fields": {"name": "Danja", "state": 33}}, {"model": "accounts.lga", "pk": 677, "fields": {"name": "Dandume", "state": 33}}, {"model": "accounts.lga", "pk": 678, "fields": {"name": "Dan Musa", "state": 33}}, {"model": "accounts.lga", "pk": 679, "fields": {"name": "Daura", "state": 33}}, {"model": "accounts.lga", "pk": 680, "fields": {"name": "Dutsi", "state": 33}}, {"model": "accounts.lga", "pk": 681, "fields": {"name": "Dutsin Ma", "state": 33}}, {"model": "accounts.lga", "pk": 682, "fields": {"name": "Faskari", "state": 33}}, {"model": "accounts.lga", "pk": 683, "fields": {"name": "Funtua", "state": 33}}, {"model": "accounts.lga", "pk": 684, "fields": {"name": "Ingawa", "state": 33}}, {"model": "accounts.lga", "pk": 685, "fields": {"name": "Jibia", "state": 33}}, {"model": "accounts.lga", "pk": 686, "fields": {"name": "Kafur", "state": 33}}, {"model": "accounts.lga", "pk": 687, "fields": {"name": "Kaita", "state": 33}}, {"model": "accounts.lga", "pk": 688, "fields": {"name": "Kankara", "state": 33}}, {"model": "accounts.lga", "pk": 689, "fields": {"name": "Kankia", "state": 33}}, {"model": "accounts.lga", "pk": 690, "fields": {"name": "Katsina", "state": 33}}, {"model": "accounts.lga", "pk": 691, "fields": {"name": "Kurfi", "state": 33}}, {"model": "accounts.lga", "pk": 692, "fields": {"name": "Kusada", "state": 33}}, {"model": "accounts.lga", "pk": 693, "fields": {"name": "Mai'Adua", "state": 33}}, {"model": "accounts.lga", "pk": 694, "fields": {"name": "Malumfashi", "state": 33}}, {"model": "accounts.lga", "pk": 695, "fields": {"name": "Mani", "state": 33}}, {"model": "accounts.lga", "pk": 696, "fields": {"name": "Mashi", "state": 33}}, {"model": "accounts.lga", "pk": 697, "fields": {"name": "Matazu", "state": 33}}, {"model": "accounts.lga", "pk": 698, "fields": {"name": "Musawa", "state": 33}}, {"model": "accounts.lga", "pk": 699, "fields": {"name": "Rimi", "state": 33}}, {"model": "accounts.lga", "pk": 700, "fields": {"name": "Sabuwa", "state": 33}}, {"model": "accounts.lga", "pk": 701, "fields": {"name": "Safana", "state": 33}}, {"model": "accounts.lga", "pk": 702, "fields": {"name": "Sandamu", "state": 33}}, {"model": "accounts.lga", "pk": 703, "fields": {"name": "Zango", "state": 33}}, {"model": "accounts.lga", "pk": 704, "fields": {"name": "Asa", "state": 34}}, {"model": "accounts.lga", "pk": 705, "fields": {"name": "Baruten", "state": 34}}, {"model": "accounts.lga", "pk": 706, "fields": {"name": "Edu", "state": 34}}, {"model": "accounts.lga", "pk": 707, "fields": {"name": "Ilorin East", "state": 34}}, {"model": "accounts.lga", "pk": 708, "fields": {"name": "Ifelodun", "state": 34}}, {"model": "accounts.lga", "pk": 709, "fields": {"name": "Ilorin South", "state": 34}}, {"model": "accounts.lga", "pk": 710, "fields": {"name": "Ekiti Kwara State", "state": 34}}, {"model": "accounts.lga", "pk": 711, "fields": {"name": "Ilorin West", "state": 34}}, {"model": "accounts.lga", "pk": 712, "fields": {"name": "Irepodun", "state": 34}}, {"model": "accounts.lga", "pk": 713, "fields": {"name": "Isin", "state": 34}}, {"model": "accounts.lga", "pk": 714, "fields": {"name": "Kaiama", "state": 34}}, {"model": "accounts.lga", "pk": 715, "fields": {"name": "Moro", "state": 34}}, {"model": "accounts.lga", "pk": 716, "fields": {"name": "Offa", "state": 34}}, {"model": "accounts.lga", "pk": 717, "fields": {"name": "Oke Ero", "state": 34}}, {"model": "accounts.lga", "pk": 718, "fields": {"name": "Oyun", "state": 34}}, {"model": "accounts.lga", "pk": 719, "fields": {"name": "Pategi", "state": 34}}, {"model": "accounts.lga", "pk": 720, "fields": {"name": "Akwanga", "state": 35}}, {"model": "accounts.lga", "pk": 721, "fields": {"name": "Awe", "state": 35}}, {"model": "accounts.lga", "pk": 722, "fields": {"name": "Doma", "state": 35}}, {"model": "accounts.lga", "pk": 723, "fields": {"name": "Karu", "state": 35}}, {"model": "accounts.lga", "pk": 724, "fields": {"name": "Keana", "state": 35}}, {"model": "accounts.lga", "pk": 725, "fields": {"name": "Keffi", "state": 35}}, {"model": "accounts.lga", "pk": 726, "fields": {"name": "Lafia", "state": 35}}, {"model": "accounts.lga", "pk": 727, "fields": {"name": "Kokona", "state": 35}}, {"model": "accounts.lga", "pk": 728, "fields": {"name": "Nasarawa Egon", "state": 35}}, {"model": "accounts.lga", "pk": 729, "fields": {"name": "Nasarawa", "state": 35}}, {"model": "accounts.lga", "pk": 730, "fields": {"name": "Obi", "state": 35}}, {"model": "accounts.lga", "pk": 731, "fields": {"name": "Toto", "state": 35}}, {"model": "accounts.lga", "pk": 732, "fields": {"name": "Wamba", "state": 35}}, {"model": "accounts.lga", "pk": 733, "fields": {"name": "Agaie", "state": 36}}, {"model": "accounts.lga", "pk": 734, "fields": {"name": "Agwara", "state": 36}}, {"model": "accounts.lga", "pk": 735, "fields": {"name": "Bida", "state": 36}}, {"model": "accounts.lga", "pk": 736, "fields": {"name": "Borgu", "state": 36}}, {"model": "accounts.lga", "pk": 737, "fields": {"name": "Bosso", "state": 36}}, {"model": "accounts.lga", "pk": 738, "fields": {"name": "Chanchaga", "state": 36}}, {"model": "accounts.lga", "pk": 739, "fields": {"name": "Edati", "state": 36}}, {"model": "accounts.lga", "pk": 740, "fields": {"name": "Gbako", "state": 36}}, {"model": "accounts.lga", "pk": 741, "fields": {"name": "Gurara", "state": 36}}, {"model": "accounts.lga", "pk": 742, "fields": {"name": "Katcha", "state": 36}}, {"model": "accounts.lga", "pk": 743, "fields": {"name": "Kontagora", "state": 36}}, {"model": "accounts.lga", "pk": 744, "fields": {"name": "Lapai", "state": 36}}, {"model": "accounts.lga", "pk": 745, "fields": {"name": "Lavun", "state": 36}}, {"model": "accounts.lga", "pk": 746, "fields": {"name": "Mariga", "state": 36}}, {"model": "accounts.lga", "pk": 747, "fields": {"name": "Magama", "state": 36}}, {"model": "accounts.lga", "pk": 748, "fields": {"name": "Mokwa", "state": 36}}, {"model": "accounts.lga", "pk": 749, "fields": {"name": "Mashegu", "state": 36}}, {"model": "accounts.lga", "pk": 750, "fields": {"name": "Moya", "state": 36}}, {"model": "accounts.lga", "pk": 751, "fields": {"name": "Paikoro", "state": 36}}, {"model": "accounts.lga", "pk": 752, "fields": {"name": "Rafi", "state": 36}}, {"model": "accounts.lga", "pk": 753, "fields": {"name": "Rijau", "state": 36}}, {"model": "accounts.lga", "pk": 754, "fields": {"name": "Shiroro", "state": 36}}, {"model": "accounts.lga", "pk": 755, "fields": {"name": "Suleja", "state": 36}}, {"model": "accounts.lga", "pk": 756, "fields": {"name": "Tafa", "state": 36}}, {"model": "accounts.lga", "pk": 757, "fields": {"name": "Wushishi", "state": 36}}, {"model": "accounts.lga", "pk": 758, "fields": {"name": "Aba North", "state": 37}}, {"model": "accounts.lga", "pk": 759, "fields": {"name": "Arochukwu", "state": 37}}, {"model": "accounts.lga", "pk": 760, "fields": {"name": "Aba South", "state": 37}}, {"model": "accounts.lga", "pk": 761, "fields": {"name": "Bende", "state": 37}}, {"model": "accounts.lga", "pk": 762, "fields": {"name": "Isiala Ngwa North", "state": 37}}, {"model": "accounts.lga", "pk": 763, "fields": {"name": "Ikwuano", "state": 37}}, {"model": "accounts.lga", "pk": 764, "fields": {"name": "Isiala Ngwa South", "state": 37}}, {"model": "accounts.lga", "pk": 765, "fields": {"name": "Isuikwuato", "state": 37}}, {"model": "accounts.lga", "pk": 766, "fields": {"name": "Obi Ngwa", "state": 37}}, {"model": "accounts.lga", "pk": 767, "fields": {"name": "Ohafia", "state": 37}}, {"model": "accounts.lga", "pk": 768, "fields": {"name": "Osisioma", "state": 37}}, {"model": "accounts.lga", "pk": 769, "fields": {"name": "Ugwunagbo", "state": 37}}, {"model": "accounts.lga", "pk": 770, "fields": {"name": "Ukwa East", "state": 37}}, {"model": "accounts.lga", "pk": 771, "fields": {"name": "Ukwa West", "state": 37}}, {"model": "accounts.lga", "pk": 772, "fields": {"name": "Umuahia North", "state": 37}}, {"model": "accounts.lga", "pk": 773, "fields": {"name": "Umuahia South", "state": 37}}, {"model": "accounts.lga", "pk": 774, "fields": {"name": "Umu Nneochi", "state": 37}}, {"model": "accounts.college", "pk": 1, "fields": {"name": "Abia State University, Uturu"}}, {"model": "accounts.college", "pk": 2, "fields": {"name": "Abubakar Tafawa Balewa University, Bauchi"}}, {"model": "accounts.college", "pk": 3, "fields": {"name": "Achievers University, Owo"}}, {"model": "accounts.college", "pk": 4, "fields": {"name": "Adamawa State University, Mubi"}}, {"model": "accounts.college", "pk": 5, "fields": {"name": "Adekunle Ajasin University, Akungba"}}, {"model": "accounts.college", "pk": 6, "fields": {"name": "Adeleke University, Ede"}}, {"model": "accounts.college", "pk": 7, "fields": {"name": "Afe Babalola University, Ado-Ekiti - Ekiti State"}}, {"model": "accounts.college", "pk": 8, "fields": {"name": "African University of Science & Technology, Abuja"}}, {"model": "accounts.college", "pk": 9, "fields": {"name": "Ahmadu Bello University, Zaria"}}, {"model": "accounts.college", "pk": 10, "fields": {"name": "Ajayi Crowther University, Ibadan"}}, {"model": "accounts.college", "pk": 11, "fields": {"name": "Akwa Ibom State University, Ikot Akpaden"}}, {"model": "accounts.college", "pk": 12, "fields": {"name": "Al-Hikmah University, Ilorin"}}, {"model": "accounts.college", "pk": 13, "fields": {"name": "Al-Qalam University, Katsina"}}, {"model": "accounts.college", "pk": 14, "fields": {"name": "Ambrose Alli University, Ekpoma"}}, {"model": "accounts.college", "pk": 15, "fields": {"name": "American University of Nigeria, Yola"}}, {"model": "accounts.college", "pk": 16, "fields": {"name": "Anchor University Ayobo, Lagos State"}}, {"model": "accounts.college", "pk": 17, "fields": {"name": "Arthur Javis University Akpoyubo, Cross River State"}}, {"model": "accounts.college", "pk": 18, "fields": {"name": "Atiba University, Oyo"}}, {"model": "accounts.college", "pk": 19, "fields": {"name": "Augustine University"}}, {"model": "accounts.college", "pk": 20, "fields": {"name": "Babcock University, Ilishan-Remo"}}, {"model": "accounts.college", "pk": 21, "fields": {"name": "Bauchi State University, Gadau"}}, {"model": "accounts.college", "pk": 22, "fields": {"name": "Bayero University, Kano"}}, {"model": "accounts.college", "pk": 23, "fields": {"name": "Baze University"}}, {"model": "accounts.college", "pk": 24, "fields": {"name": "Bells University of Technology, Otta"}}, {"model": "accounts.college", "pk": 25, "fields": {"name": "Benue State University, Makurdi"}}, {"model": "accounts.college", "pk": 26, "fields": {"name": "Benson Idahosa University, Benin City"}}, {"model": "accounts.college", "pk": 27, "fields": {"name": "Bingham University, New Karu"}}, {"model": "accounts.college", "pk": 28, "fields": {"name": "Bowen University, Iwo"}}, {"model": "accounts.college", "pk": 29, "fields": {"name": "Caleb University, Lagos"}}, {"model": "accounts.college", "pk": 30, "fields": {"name": "Caritas University, Enugu"}}, {"model": "accounts.college", "pk": 31, "fields": {"name": "Chrisland University"}}, {"model": "accounts.college", "pk": 32, "fields": {"name": "Christopher University, Mowe"}}, {"model": "accounts.college", "pk": 33, "fields": {"name": "Chukwuemeka Odumegwu Ojukwu University, Uli"}}, {"model": "accounts.college", "pk": 34, "fields": {"name": "Covenant University, Ota"}}, {"model": "accounts.college", "pk": 35, "fields": {"name": "Crawford University, Igbesa"}}, {"model": "accounts.college", "pk": 36, "fields": {"name": "Crescent University"}}, {"model": "accounts.college", "pk": 37, "fields": {"name": "Cross River State University of Science & Technology, Calabar"}}, {"model": "accounts.college", "pk": 38, "fields": {"name": "Delta State University, Abraka"}}, {"model": "accounts.college", "pk": 39, "fields": {"name": "Dominican University, Ibadan Oyo State"}}, {"model": "accounts.college", "pk": 40, "fields": {"name": "Eastern Palm University, Ogboko, Imo State"}}, {"model": "accounts.college", "pk": 41, "fields": {"name": "Edo University, Iyamo"}}, {"model": "accounts.college", "pk": 42, "fields": {"name": "Ekiti State University"}}, {"model": "accounts.college", "pk": 43, "fields": {"name": "Elizade University, Ilara-Mokin"}}, {"model": "accounts.college", "pk": 44, "fields": {"name": "Eko University of Medical and Health Sciences, Ijanikin, Lagos"}}, {"model": "accounts.college", "pk": 45, "fields": {"name": "Enugu State University of Science and Technology, Enugu"}}, {"model": "accounts.college", "pk": 46, "fields": {"name": "Evangel University, Akaeze"}}, {"model": "accounts.college", "pk": 47, "fields": {"name": "Federal University Gashua, Yobe"}}, {"model": "accounts.college", "pk": 48, "fields": {"name": "Federal University of Agriculture, Abeokuta"}}, {"model": "accounts.college", "pk": 49, "fields": {"name": "Federal University of Petroleum Resources, Effurun"}}, {"model": "accounts.college", "pk": 50, "fields": {"name": "Federal University of Technology, Akure"}}, {"model": "accounts.college", "pk": 51, "fields": {"name": "Federal University of Technology, Minna"}}, {"model": "accounts.college", "pk": 52, "fields": {"name": "Federal University of Technology, Owerri"}}, {"model": "accounts.college", "pk": 53, "fields": {"name": "Federal University, Birnin Kebbi"}}, {"model": "accounts.college", "pk": 54, "fields": {"name": "Federal University, Dutse, Jigawa State"}}, {"model": "accounts.college", "pk": 55, "fields": {"name": "Federal University, Dutsin-Ma, Katsina"}}, {"model": "accounts.college", "pk": 56, "fields": {"name": "Federal University, Gusau Zamfara"}}, {"model": "accounts.college", "pk": 57, "fields": {"name": "Federal University, Kashere, Gombe State"}}, {"model": "accounts.college", "pk": 58, "fields": {"name": "Federal University, Lafia, Nasarawa State"}}, {"model": "accounts.college", "pk": 59, "fields": {"name": "Federal University, Lokoja, Kogi State"}}, {"model": "accounts.college", "pk": 60, "fields": {"name": "Federal University, Otuoke, Bayelsa"}}, {"model": "accounts.college", "pk": 61, "fields": {"name": "Federal University, Oye-Ekiti, Ekiti State"}}, {"model": "accounts.college", "pk": 62, "fields": {"name": "Federal University, Wukari, Taraba State"}}, {"model": "accounts.college", "pk": 63, "fields": {"name": "Fountain University, Oshogbo"}}, {"model": "accounts.college", "pk": 64, "fields": {"name": "Godfrey Okoye University, Ugwuomu-Nike - Enugu State"}}, {"model": "accounts.college", "pk": 65, "fields": {"name": "Gombe State University, Gombe"}}, {"model": "accounts.college", "pk": 66, "fields": {"name": "Gregory University, Uturu"}}, {"model": "accounts.college", "pk": 67, "fields": {"name": "Hallmark University, Ijebu-Itele, Ogun"}}, {"model": "accounts.college", "pk": 68, "fields": {"name": "Hezekiah University, Umudi"}}, {"model": "accounts.college", "pk": 69, "fields": {"name": "Ibrahim Badamasi Babangida University, Lapai"}}, {"model": "accounts.college", "pk": 70, "fields": {"name": "Igbinedion University, Okada"}}, {"model": "accounts.college", "pk": 71, "fields": {"name": "Ignatius Ajuru University of Education, Rumuolumeni"}}, {"model": "accounts.college", "pk": 72, "fields": {"name": "Imo State University, Owerri"}}, {"model": "accounts.college", "pk": 73, "fields": {"name": "Joseph Ayo Babalola University, Ikeji-Arakeji"}}, {"model": "accounts.college", "pk": 74, "fields": {"name": "Kaduna State University, Kaduna"}}, {"model": "accounts.college", "pk": 75, "fields": {"name": "Kano University of Science & Technology, Wudil"}}, {"model": "accounts.college", "pk": 76, "fields": {"name": "Kebbi State University of Science and Technology, Aliero"}}, {"model": "accounts.college", "pk": 77, "fields": {"name": "Kings University, Ode Omu"}}, {"model": "accounts.college", "pk": 78, "fields": {"name": "Kogi State University, Anyigba"}}, {"model": "accounts.college", "pk": 79, "fields": {"name": "Kwara State University, Ilorin"}}, {"model": "accounts.college", "pk": 80, "fields": {"name": "Ladoke Akintola University of Technology, Ogbomoso"}}, {"model": "accounts.college", "pk": 81, "fields": {"name": "Lagos State University, Ojo"}}, {"model": "accounts.college", "pk": 82, "fields": {"name": "Landmark University, Omu-Aran"}}, {"model": "accounts.college", "pk": 83, "fields": {"name": "Lead City University, Ibadan"}}, {"model": "accounts.college", "pk": 84, "fields": {"name": "Madonna University, Okija"}}, {"model": "accounts.college", "pk": 85, "fields": {"name": "Mcpherson University, Seriki Sotayo, Ajebo"}}, {"model": "accounts.college", "pk": 86, "fields": {"name": "Michael Okpara University of Agricultural, Umudike"}}, {"model": "accounts.college", "pk": 87, "fields": {"name": "Modibbo Adama University of Technology, Yola"}}, {"model": "accounts.college", "pk": 88, "fields": {"name": "Mountain Top University"}}, {"model": "accounts.college", "pk": 89, "fields": {"name": "Nasarawa State University, Keffi"}}, {"model": "accounts.college", "pk": 90, "fields": {"name": "Niger Delta University, Yenagoa"}}, {"model": "accounts.college", "pk": 91, "fields": {"name": "Nigerian Defence Academy, Kaduna"}}, {"model": "accounts.college", "pk": 92, "fields": {"name": "Nigerian Police Academy, Wudil"}}, {"model": "accounts.college", "pk": 93, "fields": {"name": "Nile University of Nigeria, Abuja"}}, {"model": "accounts.college", "pk": 94, "fields": {"name": "Nnamdi Azikiwe University, Awka"}}, {"model": "accounts.college", "pk": 95, "fields": {"name": "Novena University, Ogume"}}, {"model": "accounts.college", "pk": 96, "fields": {"name": "Obafemi Awolowo University, Ile-Ife"}}, {"model": "accounts.college", "pk": 97, "fields": {"name": "Obong University, Obong Ntak"}}, {"model": "accounts.college", "pk": 98, "fields": {"name": "Oduduwa University, Ipetumodu - Osun State"}}, {"model": "accounts.college", "pk": 99, "fields": {"name": "Olabisi Onabanjo University, Ago Iwoye"}}, {"model": "accounts.college", "pk": 100, "fields": {"name": "Ondo State University of Science and Technology, Okitipupa"}}, {"model": "accounts.college", "pk": 101, "fields": {"name": "Pan-Atlantic University, Lagos"}}, {"model": "accounts.college", "pk": 102, "fields": {"name": "Paul University, Awka - Anambra State"}}, {"model": "accounts.college", "pk": 103, "fields": {"name": "Plateau State University, Bokkos"}}, {"model": "accounts.college", "pk": 104, "fields": {"name": "Redeemers University, Ede"}}, {"model": "accounts.college", "pk": 105, "fields": {"name": "Renaissance University, Enugu"}}, {"model": "accounts.college", "pk": 106, "fields": {"name": "Rhema University, Obeama-Asa - Rivers State"}}, {"model": "accounts.college", "pk": 107, "fields": {"name": "Ritman University, Ikot-Ekpene, Akwa Ibom"}}, {"model": "accounts.college", "pk": 108, "fields": {"name": "Rivers State University"}}, {"model": "accounts.college", "pk": 109, "fields": {"name": "Salem University, Lokoja"}}, {"model": "accounts.college", "pk": 110, "fields": {"name": "Samuel Adegboyega University, Ogwa"}}, {"model": "accounts.college", "pk": 111, "fields": {"name": "Skyline University, Kano"}}, {"model": "accounts.college", "pk": 112, "fields": {"name": "Sokoto State University"}}, {"model": "accounts.college", "pk": 113, "fields": {"name": "Southwestern University, Oku Owa"}}, {"model": "accounts.college", "pk": 114, "fields": {"name": "Summit University"}}, {"model": "accounts.college", "pk": 115, "fields": {"name": "Tai Solarin University of Education, Ijebu Ode"}}, {"model": "accounts.college", "pk": 116, "fields": {"name": "Tansian University, Umunya"}}, {"model": "accounts.college", "pk": 117, "fields": {"name": "Taraba State University, Jalingo"}}, {"model": "accounts.college", "pk": 118, "fields": {"name": "The Technical University, Ibadan"}}, {"model": "accounts.college", "pk": 119, "fields": {"name": "Umaru Musa Yar' Adua University, Katsina"}}, {"model": "accounts.college", "pk": 120, "fields": {"name": "University of Abuja, Gwagwalada"}}, {"model": "accounts.college", "pk": 121, "fields": {"name": "University of Agriculture, Makurdi"}}, {"model": "accounts.college", "pk": 122, "fields": {"name": "University of Benin"}}, {"model": "accounts.college", "pk": 123, "fields": {"name": "University of Calabar"}}, {"model": "accounts.college", "pk": 124, "fields": {"name": "University of Ibadan"}}, {"model": "accounts.college", "pk": 125, "fields": {"name": "University of Ilorin"}}, {"model": "accounts.college", "pk": 126, "fields": {"name": "University of Jos"}}, {"model": "accounts.college", "pk": 127, "fields": {"name": "University of Lagos"}}, {"model": "accounts.college", "pk": 128, "fields": {"name": "University of Maiduguri"}}, {"model": "accounts.college", "pk": 129, "fields": {"name": "University of Medical Sciences, Ondo"}}, {"model": "accounts.college", "pk": 130, "fields": {"name": "University of Mkar, Mkar"}}, {"model": "accounts.college", "pk": 131, "fields": {"name": "University of Nigeria, Nsukka"}}, {"model": "accounts.college", "pk": 132, "fields": {"name": "University of Port-Harcourt"}}, {"model": "accounts.college", "pk": 133, "fields": {"name": "University of Uyo"}}, {"model": "accounts.college", "pk": 134, "fields": {"name": "Usmanu Danfodiyo University"}}, {"model": "accounts.college", "pk": 135, "fields": {"name": "Veritas University, Abuja"}}, {"model": "accounts.college", "pk": 136, "fields": {"name": "Wesley University of Science & Technology, Ondo"}}, {"model": "accounts.college", "pk": 137, "fields": {"name": "Western Delta University, Oghara Delta State"}}, {"model": "accounts.college", "pk": 138, "fields": {"name": "Yobe State University, Damaturu"}}, {"model": "accounts.college", "pk": 139, "fields": {"name": "Yusuf Maitama Sule University, Kano"}}, {"model": "accounts.college", "pk": 140, "fields": {"name": "Zamfara State University"}}, {"model": "accounts.gradyear", "pk": 1, "fields": {"year": "1960"}}, {"model": "accounts.gradyear", "pk": 2, "fields": {"year": "1961"}}, {"model": "accounts.gradyear", "pk": 3, "fields": {"year": "1962"}}, {"model": "accounts.gradyear", "pk": 4, "fields": {"year": "1963"}}, {"model": "accounts.gradyear", "pk": 5, "fields": {"year": "1964"}}, {"model": "accounts.gradyear", "pk": 6, "fields": {"year": "1965"}}, {"model": "accounts.gradyear", "pk": 7, "fields": {"year": "1966"}}, {"model": "accounts.gradyear", "pk": 8, "fields": {"year": "1967"}}, {"model": "accounts.gradyear", "pk": 9, "fields": {"year": "1968"}}, {"model": "accounts.gradyear", "pk": 10, "fields": {"year": "1969"}}, {"model": "accounts.gradyear", "pk": 11, "fields": {"year": "1970"}}, {"model": "accounts.gradyear", "pk": 12, "fields": {"year": "1971"}}, {"model": "accounts.gradyear", "pk": 13, "fields": {"year": "1972"}}, {"model": "accounts.gradyear", "pk": 14, "fields": {"year": "1973"}}, {"model": "accounts.gradyear", "pk": 15, "fields": {"year": "1974"}}, {"model": "accounts.gradyear", "pk": 16, "fields": {"year": "1975"}}, {"model": "accounts.gradyear", "pk": 17, "fields": {"year": "1976"}}, {"model": "accounts.gradyear", "pk": 18, "fields": {"year": "1977"}}, {"model": "accounts.gradyear", "pk": 19, "fields": {"year": "1978"}}, {"model": "accounts.gradyear", "pk": 20, "fields": {"year": "1979"}}, {"model": "accounts.gradyear", "pk": 21, "fields": {"year": "1980"}}, {"model": "accounts.gradyear", "pk": 22, "fields": {"year": "1981"}}, {"model": "accounts.gradyear", "pk": 23, "fields": {"year": "1982"}}, {"model": "accounts.gradyear", "pk": 24, "fields": {"year": "1983"}}, {"model": "accounts.gradyear", "pk": 25, "fields": {"year": "1984"}}, {"model": "accounts.gradyear", "pk": 26, "fields": {"year": "1985"}}, {"model": "accounts.gradyear", "pk": 27, "fields": {"year": "1986"}}, {"model": "accounts.gradyear", "pk": 28, "fields": {"year": "1987"}}, {"model": "accounts.gradyear", "pk": 29, "fields": {"year": "1988"}}, {"model": "accounts.gradyear", "pk": 30, "fields": {"year": "1989"}}, {"model": "accounts.gradyear", "pk": 31, "fields": {"year": "1990"}}, {"model": "accounts.gradyear", "pk": 32, "fields": {"year": "1991"}}, {"model": "accounts.gradyear", "pk": 33, "fields": {"year": "1992"}}, {"model": "accounts.gradyear", "pk": 34, "fields": {"year": "1993"}}, {"model": "accounts.gradyear", "pk": 35, "fields": {"year": "1994"}}, {"model": "accounts.gradyear", "pk": 36, "fields": {"year": "1995"}}, {"model": "accounts.gradyear", "pk": 37, "fields": {"year": "1996"}}, {"model": "accounts.gradyear", "pk": 38, "fields": {"year": "1997"}}, {"model": "accounts.gradyear", "pk": 39, "fields": {"year": "1998"}}, {"model": "accounts.gradyear", "pk": 40, "fields": {"year": "1999"}}, {"model": "accounts.gradyear", "pk": 41, "fields": {"year": "2000"}}, {"model": "accounts.gradyear", "pk": 42, "fields": {"year": "2001"}}, {"model": "accounts.gradyear", "pk": 43, "fields": {"year": "2002"}}, {"model": "accounts.gradyear", "pk": 44, "fields": {"year": "2003"}}, {"model": "accounts.gradyear", "pk": 45, "fields": {"year": "2004"}}, {"model": "accounts.gradyear", "pk": 46, "fields": {"year": "2005"}}, {"model": "accounts.gradyear", "pk": 47, "fields": {"year": "2006"}}, {"model": "accounts.gradyear", "pk": 48, "fields": {"year": "2007"}}, {"model": "accounts.gradyear", "pk": 49, "fields": {"year": "2008"}}, {"model": "accounts.gradyear", "pk": 50, "fields": {"year": "2009"}}, {"model": "accounts.gradyear", "pk": 51, "fields": {"year": "2010"}}, {"model": "accounts.gradyear", "pk": 52, "fields": {"year": "2011"}}, {"model": "accounts.gradyear", "pk": 53, "fields": {"year": "2012"}}, {"model": "accounts.gradyear", "pk": 54, "fields": {"year": "2013"}}, {"model": "accounts.gradyear", "pk": 55, "fields": {"year": "2014"}}, {"model": "accounts.gradyear", "pk": 56, "fields": {"year": "2015"}}, {"model": "accounts.gradyear", "pk": 57, "fields": {"year": "2016"}}, {"model": "accounts.gradyear", "pk": 58, "fields": {"year": "2017"}}, {"model": "accounts.gradyear", "pk": 59, "fields": {"year": "2018"}}, {"model": "accounts.gradyear", "pk": 60, "fields": {"year": "2019"}}, {"model": "accounts.gradyear", "pk": 61, "fields": {"year": "2020"}}, {"model": "accounts.gradyear", "pk": 62, "fields": {"year": "2021"}}, {"model": "accounts.gradyear", "pk": 63, "fields": {"year": "2022"}}, {"model": "accounts.gradyear", "pk": 64, "fields": {"year": "2023"}}, {"model": "accounts.gradyear", "pk": 65, "fields": {"year": "2024"}}, {"model": "accounts.gradyear", "pk": 66, "fields": {"year": "2025"}}, {"model": "accounts.gradyear", "pk": 67, "fields": {"year": "2026"}}, {"model": "accounts.gradyear", "pk": 68, "fields": {"year": "2027"}}, {"model": "accounts.gradyear", "pk": 69, "fields": {"year": "2028"}}, {"model": "accounts.user", "pk": 1, "fields": {"password": "pbkdf2_sha256$720000$s36MWcxZOJbsiW67LMaLdD$9+YqEdxdmzukN6Ho/NeG63vEdntgztUrkTF6WJgzn4E=", "last_login": "2025-05-12T14:21:26.841Z", "is_superuser": false, "username": "pharraoh", "first_name": "Adebowale", "last_name": "Adegoke", "is_staff": false, "is_active": true, "date_joined": "2025-05-12T14:21:14.902Z", "email": "josephjay742@gmail.com", "gender": "male", "looking_for": "female", "birthday": "2007-03-01", "state": 20, "lga": 385, "college": 42, "grad_year": 66, "marital_status": "single", "bio": "bids.", "middle_name": "Pharraoh", "last_seen": "2025-05-12T14:30:00.196Z", "profile_image": "profile/_J5A2047_uzbNRje.jpg", "image1": "avatar.jpg", "image2": "avatar.jpg", "image3": "avatar.jpg", "image4": "avatar.jpg", "image5": "avatar.jpg", "groups": [], "user_permissions": []}}, {"model": "accounts.user", "pk": 2, "fields": {"password": "pbkdf2_sha256$720000$tUSZg2lDUbRpoxMXw8c3hb$Sr3wepyCHR9K3PVznWntbNg96PAIlxflg87Bhpb7HXc=", "last_login": "2025-05-12T14:26:38.051Z", "is_superuser": false, "username": "wert", "first_name": "shilah", "last_name": "dawn", "is_staff": false, "is_active": true, "date_joined": "2025-05-12T14:25:58.264Z", "email": "wert@gmil.com", "gender": "female", "looking_for": "male", "birthday": "2007-10-17", "state": 17, "lga": 320, "college": 46, "grad_year": 65, "marital_status": "single", "bio": "testing.....", "middle_name": "wert", "last_seen": "2025-05-12T14:29:54.477Z", "profile_image": "profile/team3_3Xmjd8a.jpg", "image1": "avatar.jpg", "image2": "avatar.jpg", "image3": "avatar.jpg", "image4": "avatar.jpg", "image5": "avatar.jpg", "groups": [], "user_permissions": []}}, {"model": "chat.chatroom", "pk": 1, "fields": {"user1": 1, "user2": 2, "created_at": "2025-05-12T14:29:23.297Z"}}, {"model": "chat.chatmessage", "pk": 1, "fields": {"room": 1, "sender": 1, "message": "heyy", "timestamp": "2025-05-12T14:29:23.325Z"}}, {"model": "chat.chatmessage", "pk": 2, "fields": {"room": 1, "sender": 2, "message": "yo", "timestamp": "2025-05-12T14:29:40.363Z"}}, {"model": "chat.status", "pk": "2be81ca5-1c51-4fbb-b52b-a97852d51c85", "fields": {"user": 1, "status_type": "image", "text": "", "media": "statuses/vlcsnap-2024-06-23-15h58m39s744_VDn2b1n.png", "created_at": "2025-05-12T14:29:15.638Z"}}, {"model": "members.like", "pk": 1, "fields": {"user_from": 2, "user_to": 1, "timestamp": "2025-05-12T14:27:56.470Z"}}, {"model": "members.like", "pk": 2, "fields": {"user_from": 1, "user_to": 2, "timestamp": "2025-05-12T14:28:30.824Z"}}]